Season,TeamID,ConfAbbrev
2010,1102,mwc
2010,1103,mac
2010,1104,sec
2010,1105,swac
2010,1106,swac
2010,1107,aec
2010,1108,swac
2010,1110,patriot
2010,1111,southern
2010,1112,pac_ten
2010,1113,pac_ten
2010,1114,sun_belt
2010,1115,swac
2010,1116,sec
2010,1117,sun_belt
2010,1119,patriot
2010,1120,sec
2010,1122,ovc
2010,1123,mac
2010,1124,big_twelve
2010,1125,a_sun
2010,1126,meac
2010,1127,aec
2010,1129,wac
2010,1130,acc
2010,1131,aec
2010,1132,mac
2010,1133,mvc
2010,1135,ivy
2010,1136,nec
2010,1137,patriot
2010,1138,mac
2010,1139,horizon
2010,1140,mwc
2010,1141,mac
2010,1142,big_west
2010,1143,pac_ten
2010,1144,a_sun
2010,1145,maac
2010,1146,southland
2010,1147,summit
2010,1148,nec
2010,1149,big_south
2010,1150,a_ten
2010,1151,southern
2010,1152,gwc
2010,1153,big_east
2010,1154,southern
2010,1155,acc
2010,1156,horizon
2010,1157,big_south
2010,1158,southern
2010,1159,patriot
2010,1160,big_twelve
2010,1161,mwc
2010,1162,ivy
2010,1163,big_east
2010,1164,meac
2010,1165,ivy
2010,1166,mvc
2010,1167,ind
2010,1168,big_west
2010,1169,big_west
2010,1170,big_sky
2010,1171,ivy
2010,1172,southern
2010,1173,a_ten
2010,1174,caa
2010,1175,meac
2010,1176,sun_belt
2010,1177,big_east
2010,1178,horizon
2010,1179,mvc
2010,1180,caa
2010,1181,acc
2010,1182,a_ten
2010,1183,ovc
2010,1184,ovc
2010,1185,mac
2010,1186,big_sky
2010,1187,cusa
2010,1188,ind
2010,1189,southern
2010,1190,a_sun
2010,1191,mvc
2010,1192,nec
2010,1193,maac
2010,1194,sun_belt
2010,1195,a_sun
2010,1196,sec
2010,1197,meac
2010,1198,sun_belt
2010,1199,acc
2010,1200,a_ten
2010,1201,wac
2010,1202,southern
2010,1203,a_ten
2010,1204,southern
2010,1205,big_south
2010,1206,caa
2010,1207,big_east
2010,1208,sec
2010,1209,caa
2010,1210,acc
2010,1211,wcc
2010,1212,swac
2010,1214,meac
2010,1216,aec
2010,1217,ivy
2010,1218,wac
2010,1219,big_south
2010,1220,caa
2010,1221,patriot
2010,1222,cusa
2010,1223,gwc
2010,1224,meac
2010,1225,wac
2010,1226,big_sky
2010,1227,horizon
2010,1228,big_ten
2010,1229,mvc
2010,1231,big_ten
2010,1232,mvc
2010,1233,maac
2010,1234,big_ten
2010,1235,big_twelve
2010,1236,summit
2010,1237,summit
2010,1238,swac
2010,1239,a_sun
2010,1240,ovc
2010,1241,caa
2010,1242,big_twelve
2010,1243,big_twelve
2010,1244,a_sun
2010,1245,mac
2010,1246,sec
2010,1247,a_ten
2010,1248,patriot
2010,1249,southland
2010,1250,patriot
2010,1251,big_south
2010,1252,a_sun
2010,1253,big_west
2010,1254,nec
2010,1255,ind
2010,1256,wac
2010,1257,big_east
2010,1258,wcc
2010,1259,maac
2010,1260,horizon
2010,1261,sec
2010,1263,aec
2010,1264,maac
2010,1265,maac
2010,1266,big_east
2010,1267,cusa
2010,1268,acc
2010,1269,a_ten
2010,1270,southland
2010,1271,meac
2010,1272,cusa
2010,1273,a_sun
2010,1274,acc
2010,1275,mac
2010,1276,big_ten
2010,1277,big_ten
2010,1278,big_ten
2010,1279,sec
2010,1280,sec
2010,1281,big_twelve
2010,1282,summit
2010,1283,mvc
2010,1284,nec
2010,1285,big_sky
2010,1286,big_sky
2010,1287,ovc
2010,1288,meac
2010,1290,swac
2010,1291,nec
2010,1292,sun_belt
2010,1293,ovc
2010,1294,big_sky
2010,1295,summit
2010,1296,mac
2010,1298,patriot
2010,1299,meac
2010,1300,ind
2010,1301,acc
2010,1304,big_twelve
2010,1305,wac
2010,1306,aec
2010,1307,mwc
2010,1308,wac
2010,1309,sun_belt
2010,1310,maac
2010,1311,southland
2010,1312,gwc
2010,1313,meac
2010,1314,acc
2010,1315,gwc
2010,1316,a_sun
2010,1317,sun_belt
2010,1318,caa
2010,1319,big_sky
2010,1320,mvc
2010,1321,big_ten
2010,1322,southland
2010,1323,big_east
2010,1324,summit
2010,1325,mac
2010,1326,big_ten
2010,1328,big_twelve
2010,1329,big_twelve
2010,1330,caa
2010,1331,summit
2010,1332,pac_ten
2010,1333,pac_ten
2010,1334,big_west
2010,1335,ivy
2010,1336,big_ten
2010,1337,wcc
2010,1338,big_east
2010,1339,wcc
2010,1340,big_sky
2010,1341,swac
2010,1342,big_south
2010,1343,ivy
2010,1344,big_east
2010,1345,big_ten
2010,1346,nec
2010,1347,big_south
2010,1348,a_ten
2010,1349,cusa
2010,1350,a_ten
2010,1351,maac
2010,1352,nec
2010,1353,big_east
2010,1354,meac
2010,1355,summit
2010,1356,mvc
2010,1357,nec
2010,1358,southland
2010,1359,southern
2010,1360,wcc
2010,1361,mwc
2010,1362,wcc
2010,1363,wac
2010,1364,big_west
2010,1365,wcc
2010,1366,ind
2010,1367,a_sun
2010,1368,southland
2010,1369,ovc
2010,1370,ind
2010,1371,big_east
2010,1372,southland
2010,1373,maac
2010,1374,cusa
2010,1375,sun_belt
2010,1376,sec
2010,1377,gwc
2010,1378,big_east
2010,1379,cusa
2010,1380,swac
2010,1381,summit
2010,1382,a_ten
2010,1383,nec
2010,1384,nec
2010,1385,big_east
2010,1386,a_ten
2010,1387,a_ten
2010,1388,wcc
2010,1389,maac
2010,1390,pac_ten
2010,1391,a_sun
2010,1392,aec
2010,1393,big_east
2010,1394,southland
2010,1395,mwc
2010,1396,a_ten
2010,1397,sec
2010,1398,ovc
2010,1399,ovc
2010,1400,big_twelve
2010,1401,big_twelve
2010,1402,southland
2010,1403,big_twelve
2010,1404,ovc
2010,1405,mac
2010,1406,caa
2010,1407,sun_belt
2010,1408,cusa
2010,1409,cusa
2010,1410,gwc
2010,1411,swac
2010,1412,cusa
2010,1413,big_west
2010,1414,big_west
2010,1415,big_west
2010,1416,cusa
2010,1417,pac_ten
2010,1418,sun_belt
2010,1419,sun_belt
2010,1420,aec
2010,1421,big_south
2010,1422,southern
2010,1423,caa
2010,1424,mwc
2010,1425,pac_ten
2010,1426,southland
2010,1427,southland
2010,1428,mwc
2010,1429,wac
2010,1430,gwc
2010,1431,cusa
2010,1433,caa
2010,1434,horizon
2010,1435,sec
2010,1436,aec
2010,1437,big_east
2010,1438,acc
2010,1439,acc
2010,1440,big_south
2010,1441,southern
2010,1442,summit
2010,1443,sun_belt
2010,1444,mac
2010,1445,meac
2010,1447,nec
2010,1448,acc
2010,1449,pac_ten
2010,1450,pac_ten
2010,1451,big_sky
2010,1452,big_east
2010,1453,horizon
2010,1454,horizon
2010,1455,mvc
2010,1456,caa
2010,1457,big_south
2010,1458,big_ten
2010,1459,southern
2010,1460,horizon
2010,1461,mwc
2010,1462,a_ten
2010,1463,ivy
2010,1464,horizon
2011,1102,mwc
2011,1103,mac
2011,1104,sec
2011,1105,swac
2011,1106,swac
2011,1107,aec
2011,1108,swac
2011,1110,patriot
2011,1111,southern
2011,1112,pac_ten
2011,1113,pac_ten
2011,1114,sun_belt
2011,1115,swac
2011,1116,sec
2011,1117,sun_belt
2011,1119,patriot
2011,1120,sec
2011,1122,ovc
2011,1123,mac
2011,1124,big_twelve
2011,1125,a_sun
2011,1126,meac
2011,1127,aec
2011,1129,wac
2011,1130,acc
2011,1131,aec
2011,1132,mac
2011,1133,mvc
2011,1135,ivy
2011,1136,nec
2011,1137,patriot
2011,1138,mac
2011,1139,horizon
2011,1140,mwc
2011,1141,mac
2011,1142,big_west
2011,1143,pac_ten
2011,1144,a_sun
2011,1145,maac
2011,1146,southland
2011,1147,summit
2011,1148,nec
2011,1149,big_south
2011,1150,a_ten
2011,1151,southern
2011,1152,gwc
2011,1153,big_east
2011,1154,southern
2011,1155,acc
2011,1156,horizon
2011,1157,big_south
2011,1158,southern
2011,1159,patriot
2011,1160,big_twelve
2011,1161,mwc
2011,1162,ivy
2011,1163,big_east
2011,1164,meac
2011,1165,ivy
2011,1166,mvc
2011,1167,ind
2011,1168,big_west
2011,1169,big_west
2011,1170,big_sky
2011,1171,ivy
2011,1172,southern
2011,1173,a_ten
2011,1174,caa
2011,1175,meac
2011,1176,sun_belt
2011,1177,big_east
2011,1178,horizon
2011,1179,mvc
2011,1180,caa
2011,1181,acc
2011,1182,a_ten
2011,1183,ovc
2011,1184,ovc
2011,1185,mac
2011,1186,big_sky
2011,1187,cusa
2011,1188,ind
2011,1189,southern
2011,1190,a_sun
2011,1191,mvc
2011,1192,nec
2011,1193,maac
2011,1194,sun_belt
2011,1195,a_sun
2011,1196,sec
2011,1197,meac
2011,1198,sun_belt
2011,1199,acc
2011,1200,a_ten
2011,1201,wac
2011,1202,southern
2011,1203,a_ten
2011,1204,southern
2011,1205,big_south
2011,1206,caa
2011,1207,big_east
2011,1208,sec
2011,1209,caa
2011,1210,acc
2011,1211,wcc
2011,1212,swac
2011,1214,meac
2011,1216,aec
2011,1217,ivy
2011,1218,wac
2011,1219,big_south
2011,1220,caa
2011,1221,patriot
2011,1222,cusa
2011,1223,gwc
2011,1224,meac
2011,1225,wac
2011,1226,big_sky
2011,1227,horizon
2011,1228,big_ten
2011,1229,mvc
2011,1231,big_ten
2011,1232,mvc
2011,1233,maac
2011,1234,big_ten
2011,1235,big_twelve
2011,1236,summit
2011,1237,summit
2011,1238,swac
2011,1239,a_sun
2011,1240,ovc
2011,1241,caa
2011,1242,big_twelve
2011,1243,big_twelve
2011,1244,a_sun
2011,1245,mac
2011,1246,sec
2011,1247,a_ten
2011,1248,patriot
2011,1249,southland
2011,1250,patriot
2011,1251,big_south
2011,1252,a_sun
2011,1253,big_west
2011,1254,nec
2011,1255,ind
2011,1256,wac
2011,1257,big_east
2011,1258,wcc
2011,1259,maac
2011,1260,horizon
2011,1261,sec
2011,1263,aec
2011,1264,maac
2011,1265,maac
2011,1266,big_east
2011,1267,cusa
2011,1268,acc
2011,1269,a_ten
2011,1270,southland
2011,1271,meac
2011,1272,cusa
2011,1273,a_sun
2011,1274,acc
2011,1275,mac
2011,1276,big_ten
2011,1277,big_ten
2011,1278,big_ten
2011,1279,sec
2011,1280,sec
2011,1281,big_twelve
2011,1282,summit
2011,1283,mvc
2011,1284,nec
2011,1285,big_sky
2011,1286,big_sky
2011,1287,ovc
2011,1288,meac
2011,1290,swac
2011,1291,nec
2011,1292,sun_belt
2011,1293,ovc
2011,1294,big_sky
2011,1295,summit
2011,1296,mac
2011,1298,patriot
2011,1299,meac
2011,1300,ind
2011,1301,acc
2011,1304,big_twelve
2011,1305,wac
2011,1306,aec
2011,1307,mwc
2011,1308,wac
2011,1310,maac
2011,1311,southland
2011,1312,gwc
2011,1313,meac
2011,1314,acc
2011,1315,gwc
2011,1316,a_sun
2011,1317,sun_belt
2011,1318,caa
2011,1319,big_sky
2011,1320,mvc
2011,1321,big_ten
2011,1322,southland
2011,1323,big_east
2011,1324,summit
2011,1325,mac
2011,1326,big_ten
2011,1328,big_twelve
2011,1329,big_twelve
2011,1330,caa
2011,1331,summit
2011,1332,pac_ten
2011,1333,pac_ten
2011,1334,big_west
2011,1335,ivy
2011,1336,big_ten
2011,1337,wcc
2011,1338,big_east
2011,1339,wcc
2011,1340,big_sky
2011,1341,swac
2011,1342,big_south
2011,1343,ivy
2011,1344,big_east
2011,1345,big_ten
2011,1346,nec
2011,1347,big_south
2011,1348,a_ten
2011,1349,cusa
2011,1350,a_ten
2011,1351,maac
2011,1352,nec
2011,1353,big_east
2011,1354,meac
2011,1355,summit
2011,1356,mvc
2011,1357,nec
2011,1358,southland
2011,1359,southern
2011,1360,wcc
2011,1361,mwc
2011,1362,wcc
2011,1363,wac
2011,1364,big_west
2011,1365,wcc
2011,1366,ind
2011,1367,a_sun
2011,1368,southland
2011,1369,ovc
2011,1370,ind
2011,1371,big_east
2011,1372,southland
2011,1373,maac
2011,1374,cusa
2011,1375,sun_belt
2011,1376,sec
2011,1377,gwc
2011,1378,big_east
2011,1379,cusa
2011,1380,swac
2011,1381,summit
2011,1382,a_ten
2011,1383,nec
2011,1384,nec
2011,1385,big_east
2011,1386,a_ten
2011,1387,a_ten
2011,1388,wcc
2011,1389,maac
2011,1390,pac_ten
2011,1391,a_sun
2011,1392,aec
2011,1393,big_east
2011,1394,southland
2011,1395,mwc
2011,1396,a_ten
2011,1397,sec
2011,1398,ovc
2011,1399,ovc
2011,1400,big_twelve
2011,1401,big_twelve
2011,1402,southland
2011,1403,big_twelve
2011,1404,ovc
2011,1405,mac
2011,1406,caa
2011,1407,sun_belt
2011,1408,cusa
2011,1409,cusa
2011,1410,gwc
2011,1411,swac
2011,1412,cusa
2011,1413,big_west
2011,1414,big_west
2011,1415,big_west
2011,1416,cusa
2011,1417,pac_ten
2011,1418,sun_belt
2011,1419,sun_belt
2011,1420,aec
2011,1421,big_south
2011,1422,southern
2011,1423,caa
2011,1424,mwc
2011,1425,pac_ten
2011,1426,southland
2011,1427,southland
2011,1428,mwc
2011,1429,wac
2011,1430,gwc
2011,1431,cusa
2011,1433,caa
2011,1434,horizon
2011,1435,sec
2011,1436,aec
2011,1437,big_east
2011,1438,acc
2011,1439,acc
2011,1440,big_south
2011,1441,southern
2011,1442,summit
2011,1443,sun_belt
2011,1444,mac
2011,1447,nec
2011,1448,acc
2011,1449,pac_ten
2011,1450,pac_ten
2011,1451,big_sky
2011,1452,big_east
2011,1453,horizon
2011,1454,horizon
2011,1455,mvc
2011,1456,caa
2011,1457,big_south
2011,1458,big_ten
2011,1459,southern
2011,1460,horizon
2011,1461,mwc
2011,1462,a_ten
2011,1463,ivy
2011,1464,horizon
2012,1102,mwc
2012,1103,mac
2012,1104,sec
2012,1105,swac
2012,1106,swac
2012,1107,aec
2012,1108,swac
2012,1110,patriot
2012,1111,southern
2012,1112,pac_twelve
2012,1113,pac_twelve
2012,1114,sun_belt
2012,1115,swac
2012,1116,sec
2012,1117,sun_belt
2012,1119,patriot
2012,1120,sec
2012,1122,ovc
2012,1123,mac
2012,1124,big_twelve
2012,1125,a_sun
2012,1126,meac
2012,1127,aec
2012,1129,mwc
2012,1130,acc
2012,1131,aec
2012,1132,mac
2012,1133,mvc
2012,1135,ivy
2012,1136,nec
2012,1137,patriot
2012,1138,mac
2012,1139,horizon
2012,1140,wcc
2012,1141,mac
2012,1142,big_west
2012,1143,pac_twelve
2012,1144,big_south
2012,1145,maac
2012,1146,southland
2012,1148,nec
2012,1149,big_south
2012,1150,a_ten
2012,1151,southern
2012,1152,gwc
2012,1153,big_east
2012,1154,southern
2012,1155,acc
2012,1156,horizon
2012,1157,big_south
2012,1158,southern
2012,1159,patriot
2012,1160,pac_twelve
2012,1161,mwc
2012,1162,ivy
2012,1163,big_east
2012,1164,meac
2012,1165,ivy
2012,1166,mvc
2012,1167,ind
2012,1168,big_west
2012,1169,big_west
2012,1170,big_sky
2012,1171,ivy
2012,1172,southern
2012,1173,a_ten
2012,1174,caa
2012,1175,meac
2012,1176,sun_belt
2012,1177,big_east
2012,1178,horizon
2012,1179,mvc
2012,1180,caa
2012,1181,acc
2012,1182,a_ten
2012,1183,ovc
2012,1184,ovc
2012,1185,mac
2012,1186,big_sky
2012,1187,cusa
2012,1188,ovc
2012,1189,southern
2012,1190,a_sun
2012,1191,mvc
2012,1192,nec
2012,1193,maac
2012,1194,sun_belt
2012,1195,a_sun
2012,1196,sec
2012,1197,meac
2012,1198,sun_belt
2012,1199,acc
2012,1200,a_ten
2012,1201,wac
2012,1202,southern
2012,1203,a_ten
2012,1204,southern
2012,1205,big_south
2012,1206,caa
2012,1207,big_east
2012,1208,sec
2012,1209,caa
2012,1210,acc
2012,1211,wcc
2012,1212,swac
2012,1214,meac
2012,1216,aec
2012,1217,ivy
2012,1218,wac
2012,1219,big_south
2012,1220,caa
2012,1221,patriot
2012,1222,cusa
2012,1223,gwc
2012,1224,meac
2012,1225,wac
2012,1226,big_sky
2012,1227,horizon
2012,1228,big_ten
2012,1229,mvc
2012,1231,big_ten
2012,1232,mvc
2012,1233,maac
2012,1234,big_ten
2012,1235,big_twelve
2012,1236,summit
2012,1237,summit
2012,1238,swac
2012,1239,a_sun
2012,1240,ovc
2012,1241,caa
2012,1242,big_twelve
2012,1243,big_twelve
2012,1244,a_sun
2012,1245,mac
2012,1246,sec
2012,1247,a_ten
2012,1248,patriot
2012,1249,southland
2012,1250,patriot
2012,1251,big_south
2012,1252,a_sun
2012,1253,big_west
2012,1254,nec
2012,1255,ind
2012,1256,wac
2012,1257,big_east
2012,1258,wcc
2012,1259,maac
2012,1260,horizon
2012,1261,sec
2012,1263,aec
2012,1264,maac
2012,1265,maac
2012,1266,big_east
2012,1267,cusa
2012,1268,acc
2012,1269,a_ten
2012,1270,southland
2012,1271,meac
2012,1272,cusa
2012,1273,a_sun
2012,1274,acc
2012,1275,mac
2012,1276,big_ten
2012,1277,big_ten
2012,1278,big_ten
2012,1279,sec
2012,1280,sec
2012,1281,big_twelve
2012,1282,summit
2012,1283,mvc
2012,1284,nec
2012,1285,big_sky
2012,1286,big_sky
2012,1287,ovc
2012,1288,meac
2012,1290,swac
2012,1291,nec
2012,1292,sun_belt
2012,1293,ovc
2012,1294,big_sky
2012,1295,summit
2012,1296,mac
2012,1298,patriot
2012,1299,meac
2012,1300,meac
2012,1301,acc
2012,1303,ind
2012,1304,big_ten
2012,1305,wac
2012,1306,aec
2012,1307,mwc
2012,1308,wac
2012,1310,maac
2012,1311,southland
2012,1312,gwc
2012,1313,meac
2012,1314,acc
2012,1315,gwc
2012,1316,a_sun
2012,1317,sun_belt
2012,1318,caa
2012,1319,big_sky
2012,1320,mvc
2012,1321,big_ten
2012,1322,southland
2012,1323,big_east
2012,1324,summit
2012,1325,mac
2012,1326,big_ten
2012,1328,big_twelve
2012,1329,big_twelve
2012,1330,caa
2012,1331,summit
2012,1332,pac_twelve
2012,1333,pac_twelve
2012,1334,big_west
2012,1335,ivy
2012,1336,big_ten
2012,1337,wcc
2012,1338,big_east
2012,1339,wcc
2012,1340,big_sky
2012,1341,swac
2012,1342,big_south
2012,1343,ivy
2012,1344,big_east
2012,1345,big_ten
2012,1346,nec
2012,1347,big_south
2012,1348,a_ten
2012,1349,cusa
2012,1350,a_ten
2012,1351,maac
2012,1352,nec
2012,1353,big_east
2012,1354,meac
2012,1355,summit
2012,1356,mvc
2012,1357,nec
2012,1358,southland
2012,1359,southern
2012,1360,wcc
2012,1361,mwc
2012,1362,wcc
2012,1363,wac
2012,1364,big_west
2012,1365,wcc
2012,1366,meac
2012,1367,a_sun
2012,1368,southland
2012,1369,ovc
2012,1370,ind
2012,1371,big_east
2012,1372,southland
2012,1373,maac
2012,1374,cusa
2012,1375,sun_belt
2012,1376,sec
2012,1377,summit
2012,1378,big_east
2012,1379,cusa
2012,1380,swac
2012,1381,summit
2012,1382,a_ten
2012,1383,nec
2012,1384,nec
2012,1385,big_east
2012,1386,a_ten
2012,1387,a_ten
2012,1388,wcc
2012,1389,maac
2012,1390,pac_twelve
2012,1391,a_sun
2012,1392,aec
2012,1393,big_east
2012,1394,southland
2012,1395,mwc
2012,1396,a_ten
2012,1397,sec
2012,1398,ovc
2012,1399,ovc
2012,1400,big_twelve
2012,1401,big_twelve
2012,1402,southland
2012,1403,big_twelve
2012,1404,ovc
2012,1405,mac
2012,1406,caa
2012,1407,sun_belt
2012,1408,cusa
2012,1409,cusa
2012,1410,gwc
2012,1411,swac
2012,1412,cusa
2012,1413,big_west
2012,1414,big_west
2012,1415,big_west
2012,1416,cusa
2012,1417,pac_twelve
2012,1418,sun_belt
2012,1419,sun_belt
2012,1420,aec
2012,1421,big_south
2012,1422,southern
2012,1423,caa
2012,1424,mwc
2012,1425,pac_twelve
2012,1426,southland
2012,1427,southland
2012,1428,pac_twelve
2012,1429,wac
2012,1430,gwc
2012,1431,cusa
2012,1433,caa
2012,1434,horizon
2012,1435,sec
2012,1436,aec
2012,1437,big_east
2012,1438,acc
2012,1439,acc
2012,1440,big_south
2012,1441,southern
2012,1442,summit
2012,1443,sun_belt
2012,1444,mac
2012,1447,nec
2012,1448,acc
2012,1449,pac_twelve
2012,1450,pac_twelve
2012,1451,big_sky
2012,1452,big_east
2012,1453,horizon
2012,1454,horizon
2012,1455,mvc
2012,1456,caa
2012,1457,big_south
2012,1458,big_ten
2012,1459,southern
2012,1460,horizon
2012,1461,mwc
2012,1462,a_ten
2012,1463,ivy
2012,1464,horizon
2013,1102,mwc
2013,1103,mac
2013,1104,sec
2013,1105,swac
2013,1106,swac
2013,1107,aec
2013,1108,swac
2013,1110,patriot
2013,1111,southern
2013,1112,pac_twelve
2013,1113,pac_twelve
2013,1114,sun_belt
2013,1115,swac
2013,1116,sec
2013,1117,sun_belt
2013,1119,patriot
2013,1120,sec
2013,1122,ovc
2013,1123,mac
2013,1124,big_twelve
2013,1125,ovc
2013,1126,meac
2013,1127,aec
2013,1129,mwc
2013,1130,acc
2013,1131,aec
2013,1132,mac
2013,1133,mvc
2013,1135,ivy
2013,1136,nec
2013,1137,patriot
2013,1138,mac
2013,1139,a_ten
2013,1140,wcc
2013,1141,mac
2013,1142,big_west
2013,1143,pac_twelve
2013,1144,big_south
2013,1145,maac
2013,1146,southland
2013,1148,nec
2013,1149,big_south
2013,1150,a_ten
2013,1151,southern
2013,1152,gwc
2013,1153,big_east
2013,1154,southern
2013,1155,acc
2013,1156,horizon
2013,1157,big_south
2013,1158,southern
2013,1159,patriot
2013,1160,pac_twelve
2013,1161,mwc
2013,1162,ivy
2013,1163,big_east
2013,1164,meac
2013,1165,ivy
2013,1166,mvc
2013,1167,ind
2013,1168,big_west
2013,1169,big_west
2013,1170,big_sky
2013,1171,ivy
2013,1172,southern
2013,1173,a_ten
2013,1174,caa
2013,1175,meac
2013,1176,wac
2013,1177,big_east
2013,1178,horizon
2013,1179,mvc
2013,1180,caa
2013,1181,acc
2013,1182,a_ten
2013,1183,ovc
2013,1184,ovc
2013,1185,mac
2013,1186,big_sky
2013,1187,cusa
2013,1188,ovc
2013,1189,southern
2013,1190,a_sun
2013,1191,mvc
2013,1192,nec
2013,1193,maac
2013,1194,sun_belt
2013,1195,a_sun
2013,1196,sec
2013,1197,meac
2013,1198,sun_belt
2013,1199,acc
2013,1200,a_ten
2013,1201,mwc
2013,1202,southern
2013,1203,a_ten
2013,1204,southern
2013,1205,big_south
2013,1206,caa
2013,1207,big_east
2013,1208,sec
2013,1209,caa
2013,1210,acc
2013,1211,wcc
2013,1212,swac
2013,1214,meac
2013,1216,aec
2013,1217,ivy
2013,1218,big_west
2013,1219,big_south
2013,1220,caa
2013,1221,patriot
2013,1222,cusa
2013,1223,gwc
2013,1224,meac
2013,1225,wac
2013,1226,big_sky
2013,1227,horizon
2013,1228,big_ten
2013,1229,mvc
2013,1231,big_ten
2013,1232,mvc
2013,1233,maac
2013,1234,big_ten
2013,1235,big_twelve
2013,1236,summit
2013,1237,summit
2013,1238,swac
2013,1239,a_sun
2013,1240,ovc
2013,1241,caa
2013,1242,big_twelve
2013,1243,big_twelve
2013,1244,a_sun
2013,1245,mac
2013,1246,sec
2013,1247,a_ten
2013,1248,patriot
2013,1249,southland
2013,1250,patriot
2013,1251,big_south
2013,1252,a_sun
2013,1253,big_west
2013,1254,nec
2013,1255,big_south
2013,1256,wac
2013,1257,big_east
2013,1258,wcc
2013,1259,maac
2013,1260,horizon
2013,1261,sec
2013,1263,aec
2013,1264,maac
2013,1265,maac
2013,1266,big_east
2013,1267,cusa
2013,1268,acc
2013,1269,a_ten
2013,1270,southland
2013,1271,meac
2013,1272,cusa
2013,1273,a_sun
2013,1274,acc
2013,1275,mac
2013,1276,big_ten
2013,1277,big_ten
2013,1278,big_ten
2013,1279,sec
2013,1280,sec
2013,1281,sec
2013,1282,summit
2013,1283,mvc
2013,1284,nec
2013,1285,big_sky
2013,1286,big_sky
2013,1287,ovc
2013,1288,meac
2013,1290,swac
2013,1291,nec
2013,1292,sun_belt
2013,1293,ovc
2013,1294,big_sky
2013,1295,summit
2013,1296,mac
2013,1297,a_sun
2013,1298,patriot
2013,1299,meac
2013,1300,meac
2013,1301,acc
2013,1303,summit
2013,1304,big_ten
2013,1305,mwc
2013,1306,aec
2013,1307,mwc
2013,1308,wac
2013,1309,ind
2013,1310,maac
2013,1311,southland
2013,1312,gwc
2013,1313,meac
2013,1314,acc
2013,1315,big_sky
2013,1316,a_sun
2013,1317,sun_belt
2013,1318,caa
2013,1319,big_sky
2013,1320,mvc
2013,1321,big_ten
2013,1322,southland
2013,1323,big_east
2013,1324,summit
2013,1325,mac
2013,1326,big_ten
2013,1328,big_twelve
2013,1329,big_twelve
2013,1330,caa
2013,1331,southland
2013,1332,pac_twelve
2013,1333,pac_twelve
2013,1334,big_west
2013,1335,ivy
2013,1336,big_ten
2013,1337,wcc
2013,1338,big_east
2013,1339,wcc
2013,1340,big_sky
2013,1341,swac
2013,1342,big_south
2013,1343,ivy
2013,1344,big_east
2013,1345,big_ten
2013,1346,nec
2013,1347,big_south
2013,1348,a_ten
2013,1349,cusa
2013,1350,a_ten
2013,1351,maac
2013,1352,nec
2013,1353,big_east
2013,1354,meac
2013,1355,summit
2013,1356,mvc
2013,1357,nec
2013,1358,southland
2013,1359,southern
2013,1360,wcc
2013,1361,mwc
2013,1362,wcc
2013,1363,wac
2013,1364,big_west
2013,1365,wcc
2013,1366,meac
2013,1367,a_sun
2013,1368,southland
2013,1369,ovc
2013,1370,wac
2013,1371,big_east
2013,1372,southland
2013,1373,maac
2013,1374,cusa
2013,1375,sun_belt
2013,1376,sec
2013,1377,summit
2013,1378,big_east
2013,1379,cusa
2013,1380,swac
2013,1381,big_sky
2013,1382,a_ten
2013,1383,nec
2013,1384,nec
2013,1385,big_east
2013,1386,a_ten
2013,1387,a_ten
2013,1388,wcc
2013,1389,maac
2013,1390,pac_twelve
2013,1391,a_sun
2013,1392,aec
2013,1393,big_east
2013,1394,southland
2013,1395,big_twelve
2013,1396,a_ten
2013,1397,sec
2013,1398,ovc
2013,1399,ovc
2013,1400,big_twelve
2013,1401,sec
2013,1402,wac
2013,1403,big_twelve
2013,1404,ovc
2013,1405,mac
2013,1406,caa
2013,1407,sun_belt
2013,1408,cusa
2013,1409,cusa
2013,1410,gwc
2013,1411,swac
2013,1412,cusa
2013,1413,big_west
2013,1414,big_west
2013,1415,big_west
2013,1416,cusa
2013,1417,pac_twelve
2013,1418,sun_belt
2013,1419,sun_belt
2013,1420,aec
2013,1421,big_south
2013,1422,southern
2013,1423,caa
2013,1424,mwc
2013,1425,pac_twelve
2013,1426,wac
2013,1427,wac
2013,1428,pac_twelve
2013,1429,wac
2013,1430,gwc
2013,1431,cusa
2013,1433,a_ten
2013,1434,horizon
2013,1435,sec
2013,1436,aec
2013,1437,big_east
2013,1438,acc
2013,1439,acc
2013,1440,big_south
2013,1441,southern
2013,1442,summit
2013,1443,sun_belt
2013,1444,mac
2013,1447,nec
2013,1448,acc
2013,1449,pac_twelve
2013,1450,pac_twelve
2013,1451,big_sky
2013,1452,big_twelve
2013,1453,horizon
2013,1454,horizon
2013,1455,mvc
2013,1456,caa
2013,1457,big_south
2013,1458,big_ten
2013,1459,southern
2013,1460,horizon
2013,1461,mwc
2013,1462,a_ten
2013,1463,ivy
2013,1464,horizon
2014,1101,southland
2014,1102,mwc
2014,1103,mac
2014,1104,sec
2014,1105,swac
2014,1106,swac
2014,1107,aec
2014,1108,swac
2014,1110,patriot
2014,1111,southern
2014,1112,pac_twelve
2014,1113,pac_twelve
2014,1114,sun_belt
2014,1115,swac
2014,1116,sec
2014,1117,sun_belt
2014,1119,patriot
2014,1120,sec
2014,1122,ovc
2014,1123,mac
2014,1124,big_twelve
2014,1125,ovc
2014,1126,meac
2014,1127,aec
2014,1129,mwc
2014,1130,acc
2014,1131,patriot
2014,1132,mac
2014,1133,mvc
2014,1135,ivy
2014,1136,nec
2014,1137,patriot
2014,1138,mac
2014,1139,big_east
2014,1140,wcc
2014,1141,mac
2014,1142,big_west
2014,1143,pac_twelve
2014,1144,big_south
2014,1145,maac
2014,1146,southland
2014,1148,nec
2014,1149,big_south
2014,1150,cusa
2014,1151,southern
2014,1152,wac
2014,1153,aac
2014,1154,southern
2014,1155,acc
2014,1156,horizon
2014,1157,big_south
2014,1158,caa
2014,1159,patriot
2014,1160,pac_twelve
2014,1161,mwc
2014,1162,ivy
2014,1163,aac
2014,1164,meac
2014,1165,ivy
2014,1166,big_east
2014,1167,wac
2014,1168,big_west
2014,1169,big_west
2014,1170,big_sky
2014,1171,ivy
2014,1172,southern
2014,1173,a_ten
2014,1174,caa
2014,1175,meac
2014,1176,summit
2014,1177,big_east
2014,1178,horizon
2014,1179,mvc
2014,1180,caa
2014,1181,acc
2014,1182,a_ten
2014,1183,ovc
2014,1184,ovc
2014,1185,mac
2014,1186,big_sky
2014,1187,cusa
2014,1188,ovc
2014,1189,southern
2014,1190,a_sun
2014,1191,mvc
2014,1192,nec
2014,1193,maac
2014,1194,cusa
2014,1195,a_sun
2014,1196,sec
2014,1197,meac
2014,1198,cusa
2014,1199,acc
2014,1200,a_ten
2014,1201,mwc
2014,1202,southern
2014,1203,a_ten
2014,1204,southern
2014,1205,big_south
2014,1206,a_ten
2014,1207,big_east
2014,1208,sec
2014,1209,sun_belt
2014,1210,acc
2014,1211,wcc
2014,1212,swac
2014,1213,wac
2014,1214,meac
2014,1216,aec
2014,1217,ivy
2014,1218,big_west
2014,1219,big_south
2014,1220,caa
2014,1221,patriot
2014,1222,aac
2014,1223,southland
2014,1224,meac
2014,1225,wac
2014,1226,big_sky
2014,1227,horizon
2014,1228,big_ten
2014,1229,mvc
2014,1230,southland
2014,1231,big_ten
2014,1232,mvc
2014,1233,maac
2014,1234,big_ten
2014,1235,big_twelve
2014,1236,summit
2014,1237,summit
2014,1238,swac
2014,1239,a_sun
2014,1240,ovc
2014,1241,caa
2014,1242,big_twelve
2014,1243,big_twelve
2014,1244,a_sun
2014,1245,mac
2014,1246,sec
2014,1247,a_ten
2014,1248,patriot
2014,1249,southland
2014,1250,patriot
2014,1251,big_south
2014,1252,a_sun
2014,1253,big_west
2014,1254,nec
2014,1255,big_south
2014,1256,cusa
2014,1257,aac
2014,1258,wcc
2014,1259,patriot
2014,1260,mvc
2014,1261,sec
2014,1262,aec
2014,1263,aec
2014,1264,maac
2014,1265,maac
2014,1266,big_east
2014,1267,cusa
2014,1268,acc
2014,1269,a_ten
2014,1270,southland
2014,1271,meac
2014,1272,aac
2014,1273,a_sun
2014,1274,acc
2014,1275,mac
2014,1276,big_ten
2014,1277,big_ten
2014,1278,big_ten
2014,1279,sec
2014,1280,sec
2014,1281,sec
2014,1282,wac
2014,1283,mvc
2014,1284,maac
2014,1285,big_sky
2014,1286,big_sky
2014,1287,ovc
2014,1288,meac
2014,1290,swac
2014,1291,nec
2014,1292,cusa
2014,1293,ovc
2014,1294,big_sky
2014,1295,summit
2014,1296,mac
2014,1297,a_sun
2014,1298,patriot
2014,1299,meac
2014,1300,meac
2014,1301,acc
2014,1303,summit
2014,1304,big_ten
2014,1305,mwc
2014,1306,aec
2014,1307,mwc
2014,1308,wac
2014,1309,southland
2014,1310,maac
2014,1311,southland
2014,1312,ind
2014,1313,meac
2014,1314,acc
2014,1315,big_sky
2014,1316,a_sun
2014,1317,cusa
2014,1318,caa
2014,1319,big_sky
2014,1320,mvc
2014,1321,big_ten
2014,1322,southland
2014,1323,acc
2014,1324,horizon
2014,1325,mac
2014,1326,big_ten
2014,1328,big_twelve
2014,1329,big_twelve
2014,1330,cusa
2014,1331,southland
2014,1332,pac_twelve
2014,1333,pac_twelve
2014,1334,wcc
2014,1335,ivy
2014,1336,big_ten
2014,1337,wcc
2014,1338,acc
2014,1339,wcc
2014,1340,big_sky
2014,1341,swac
2014,1342,big_south
2014,1343,ivy
2014,1344,big_east
2014,1345,big_ten
2014,1346,maac
2014,1347,big_south
2014,1348,a_ten
2014,1349,cusa
2014,1350,a_ten
2014,1351,maac
2014,1352,nec
2014,1353,aac
2014,1354,meac
2014,1355,summit
2014,1356,mvc
2014,1357,nec
2014,1358,southland
2014,1359,southern
2014,1360,wcc
2014,1361,mwc
2014,1362,wcc
2014,1363,mwc
2014,1364,big_west
2014,1365,wcc
2014,1366,meac
2014,1367,a_sun
2014,1368,southland
2014,1369,ovc
2014,1370,wac
2014,1371,big_east
2014,1372,southland
2014,1373,maac
2014,1374,aac
2014,1375,sun_belt
2014,1376,sec
2014,1377,summit
2014,1378,aac
2014,1379,cusa
2014,1380,swac
2014,1381,big_sky
2014,1382,a_ten
2014,1383,nec
2014,1384,nec
2014,1385,big_east
2014,1386,a_ten
2014,1387,a_ten
2014,1388,wcc
2014,1389,maac
2014,1390,pac_twelve
2014,1391,a_sun
2014,1392,aec
2014,1393,acc
2014,1394,southland
2014,1395,big_twelve
2014,1396,aac
2014,1397,sec
2014,1398,ovc
2014,1399,ovc
2014,1400,big_twelve
2014,1401,sec
2014,1402,sun_belt
2014,1403,big_twelve
2014,1404,ovc
2014,1405,mac
2014,1406,caa
2014,1407,sun_belt
2014,1408,cusa
2014,1409,cusa
2014,1410,wac
2014,1411,swac
2014,1412,cusa
2014,1413,big_west
2014,1414,big_west
2014,1415,big_west
2014,1416,aac
2014,1417,pac_twelve
2014,1418,sun_belt
2014,1419,sun_belt
2014,1420,aec
2014,1421,big_south
2014,1422,southern
2014,1423,caa
2014,1424,mwc
2014,1425,pac_twelve
2014,1426,sun_belt
2014,1427,cusa
2014,1428,pac_twelve
2014,1429,mwc
2014,1430,wac
2014,1431,cusa
2014,1433,a_ten
2014,1434,horizon
2014,1435,sec
2014,1436,aec
2014,1437,big_east
2014,1438,acc
2014,1439,acc
2014,1440,big_south
2014,1441,southern
2014,1442,summit
2014,1443,sun_belt
2014,1444,mac
2014,1447,nec
2014,1448,acc
2014,1449,pac_twelve
2014,1450,pac_twelve
2014,1451,big_sky
2014,1452,big_twelve
2014,1453,horizon
2014,1454,horizon
2014,1455,mvc
2014,1456,caa
2014,1457,big_south
2014,1458,big_ten
2014,1459,southern
2014,1460,horizon
2014,1461,mwc
2014,1462,big_east
2014,1463,ivy
2014,1464,horizon
2015,1101,southland
2015,1102,mwc
2015,1103,mac
2015,1104,sec
2015,1105,swac
2015,1106,swac
2015,1107,aec
2015,1108,swac
2015,1110,patriot
2015,1111,sun_belt
2015,1112,pac_twelve
2015,1113,pac_twelve
2015,1114,sun_belt
2015,1115,swac
2015,1116,sec
2015,1117,sun_belt
2015,1119,patriot
2015,1120,sec
2015,1122,ovc
2015,1123,mac
2015,1124,big_twelve
2015,1125,ovc
2015,1126,meac
2015,1127,aec
2015,1129,mwc
2015,1130,acc
2015,1131,patriot
2015,1132,mac
2015,1133,mvc
2015,1135,ivy
2015,1136,nec
2015,1137,patriot
2015,1138,mac
2015,1139,big_east
2015,1140,wcc
2015,1141,mac
2015,1142,big_west
2015,1143,pac_twelve
2015,1144,big_south
2015,1145,maac
2015,1146,southland
2015,1148,nec
2015,1149,big_south
2015,1150,cusa
2015,1151,southern
2015,1152,wac
2015,1153,aac
2015,1154,southern
2015,1155,acc
2015,1156,horizon
2015,1157,big_south
2015,1158,caa
2015,1159,patriot
2015,1160,pac_twelve
2015,1161,mwc
2015,1162,ivy
2015,1163,aac
2015,1164,meac
2015,1165,ivy
2015,1166,big_east
2015,1167,wac
2015,1168,big_west
2015,1169,big_west
2015,1170,big_sky
2015,1171,ivy
2015,1172,a_ten
2015,1173,a_ten
2015,1174,caa
2015,1175,meac
2015,1176,summit
2015,1177,big_east
2015,1178,horizon
2015,1179,mvc
2015,1180,caa
2015,1181,acc
2015,1182,a_ten
2015,1183,ovc
2015,1184,ovc
2015,1185,mac
2015,1186,big_sky
2015,1187,aac
2015,1188,ovc
2015,1189,caa
2015,1190,southern
2015,1191,mvc
2015,1192,nec
2015,1193,maac
2015,1194,cusa
2015,1195,a_sun
2015,1196,sec
2015,1197,meac
2015,1198,cusa
2015,1199,acc
2015,1200,a_ten
2015,1201,mwc
2015,1202,southern
2015,1203,a_ten
2015,1204,sun_belt
2015,1205,big_south
2015,1206,a_ten
2015,1207,big_east
2015,1208,sec
2015,1209,sun_belt
2015,1210,acc
2015,1211,wcc
2015,1212,swac
2015,1213,wac
2015,1214,meac
2015,1216,aec
2015,1217,ivy
2015,1218,big_west
2015,1219,big_south
2015,1220,caa
2015,1221,patriot
2015,1222,aac
2015,1223,southland
2015,1224,meac
2015,1225,big_sky
2015,1226,big_sky
2015,1227,horizon
2015,1228,big_ten
2015,1229,mvc
2015,1230,southland
2015,1231,big_ten
2015,1232,mvc
2015,1233,maac
2015,1234,big_ten
2015,1235,big_twelve
2015,1236,summit
2015,1237,summit
2015,1238,swac
2015,1239,a_sun
2015,1240,ovc
2015,1241,caa
2015,1242,big_twelve
2015,1243,big_twelve
2015,1244,a_sun
2015,1245,mac
2015,1246,sec
2015,1247,a_ten
2015,1248,patriot
2015,1249,southland
2015,1250,patriot
2015,1251,big_south
2015,1252,a_sun
2015,1253,big_west
2015,1254,nec
2015,1255,big_south
2015,1256,cusa
2015,1257,acc
2015,1258,wcc
2015,1259,patriot
2015,1260,mvc
2015,1261,sec
2015,1262,aec
2015,1263,aec
2015,1264,maac
2015,1265,maac
2015,1266,big_east
2015,1267,cusa
2015,1268,big_ten
2015,1269,a_ten
2015,1270,southland
2015,1271,meac
2015,1272,aac
2015,1273,southern
2015,1274,acc
2015,1275,mac
2015,1276,big_ten
2015,1277,big_ten
2015,1278,big_ten
2015,1279,sec
2015,1280,sec
2015,1281,sec
2015,1282,wac
2015,1283,mvc
2015,1284,maac
2015,1285,big_sky
2015,1286,big_sky
2015,1287,ovc
2015,1288,meac
2015,1290,swac
2015,1291,nec
2015,1292,cusa
2015,1293,ovc
2015,1294,big_sky
2015,1295,summit
2015,1296,mac
2015,1297,a_sun
2015,1298,patriot
2015,1299,meac
2015,1300,meac
2015,1301,acc
2015,1303,summit
2015,1304,big_ten
2015,1305,mwc
2015,1306,aec
2015,1307,mwc
2015,1308,wac
2015,1309,southland
2015,1310,maac
2015,1311,southland
2015,1312,ind
2015,1313,meac
2015,1314,acc
2015,1315,big_sky
2015,1316,a_sun
2015,1317,cusa
2015,1318,caa
2015,1319,big_sky
2015,1320,mvc
2015,1321,big_ten
2015,1322,southland
2015,1323,acc
2015,1324,horizon
2015,1325,mac
2015,1326,big_ten
2015,1328,big_twelve
2015,1329,big_twelve
2015,1330,cusa
2015,1331,summit
2015,1332,pac_twelve
2015,1333,pac_twelve
2015,1334,wcc
2015,1335,ivy
2015,1336,big_ten
2015,1337,wcc
2015,1338,acc
2015,1339,wcc
2015,1340,big_sky
2015,1341,swac
2015,1342,big_south
2015,1343,ivy
2015,1344,big_east
2015,1345,big_ten
2015,1346,maac
2015,1347,big_south
2015,1348,a_ten
2015,1349,cusa
2015,1350,a_ten
2015,1351,maac
2015,1352,nec
2015,1353,big_ten
2015,1354,meac
2015,1355,summit
2015,1356,mvc
2015,1357,nec
2015,1358,southland
2015,1359,southern
2015,1360,wcc
2015,1361,mwc
2015,1362,wcc
2015,1363,mwc
2015,1364,big_west
2015,1365,wcc
2015,1366,meac
2015,1367,a_sun
2015,1368,southland
2015,1369,ovc
2015,1370,wac
2015,1371,big_east
2015,1372,southland
2015,1373,maac
2015,1374,aac
2015,1375,sun_belt
2015,1376,sec
2015,1377,summit
2015,1378,aac
2015,1379,cusa
2015,1380,swac
2015,1381,big_sky
2015,1382,a_ten
2015,1383,nec
2015,1384,nec
2015,1385,big_east
2015,1386,a_ten
2015,1387,a_ten
2015,1388,wcc
2015,1389,maac
2015,1390,pac_twelve
2015,1391,a_sun
2015,1392,aec
2015,1393,acc
2015,1394,southland
2015,1395,big_twelve
2015,1396,aac
2015,1397,sec
2015,1398,ovc
2015,1399,ovc
2015,1400,big_twelve
2015,1401,sec
2015,1402,sun_belt
2015,1403,big_twelve
2015,1404,ovc
2015,1405,mac
2015,1406,caa
2015,1407,sun_belt
2015,1408,aac
2015,1409,aac
2015,1410,wac
2015,1411,swac
2015,1412,cusa
2015,1413,big_west
2015,1414,big_west
2015,1415,big_west
2015,1416,aac
2015,1417,pac_twelve
2015,1418,sun_belt
2015,1419,sun_belt
2015,1420,aec
2015,1421,big_south
2015,1422,southern
2015,1423,caa
2015,1424,mwc
2015,1425,pac_twelve
2015,1426,sun_belt
2015,1427,cusa
2015,1428,pac_twelve
2015,1429,mwc
2015,1430,wac
2015,1431,cusa
2015,1433,a_ten
2015,1434,horizon
2015,1435,sec
2015,1436,aec
2015,1437,big_east
2015,1438,acc
2015,1439,acc
2015,1440,southern
2015,1441,southern
2015,1442,summit
2015,1443,cusa
2015,1444,mac
2015,1447,nec
2015,1448,acc
2015,1449,pac_twelve
2015,1450,pac_twelve
2015,1451,big_sky
2015,1452,big_twelve
2015,1453,horizon
2015,1454,horizon
2015,1455,mvc
2015,1456,caa
2015,1457,big_south
2015,1458,big_ten
2015,1459,southern
2015,1460,horizon
2015,1461,mwc
2015,1462,big_east
2015,1463,ivy
2015,1464,horizon
2016,1101,southland
2016,1102,mwc
2016,1103,mac
2016,1104,sec
2016,1105,swac
2016,1106,swac
2016,1107,aec
2016,1108,swac
2016,1110,patriot
2016,1111,sun_belt
2016,1112,pac_twelve
2016,1113,pac_twelve
2016,1114,sun_belt
2016,1115,swac
2016,1116,sec
2016,1117,sun_belt
2016,1119,patriot
2016,1120,sec
2016,1122,ovc
2016,1123,mac
2016,1124,big_twelve
2016,1125,ovc
2016,1126,meac
2016,1127,aec
2016,1129,mwc
2016,1130,acc
2016,1131,patriot
2016,1132,mac
2016,1133,mvc
2016,1135,ivy
2016,1136,nec
2016,1137,patriot
2016,1138,mac
2016,1139,big_east
2016,1140,wcc
2016,1141,mac
2016,1142,big_west
2016,1143,pac_twelve
2016,1144,big_south
2016,1145,maac
2016,1146,southland
2016,1148,nec
2016,1149,big_south
2016,1150,cusa
2016,1151,southern
2016,1152,wac
2016,1153,aac
2016,1154,southern
2016,1155,acc
2016,1156,horizon
2016,1157,big_south
2016,1158,caa
2016,1159,patriot
2016,1160,pac_twelve
2016,1161,mwc
2016,1162,ivy
2016,1163,aac
2016,1164,meac
2016,1165,ivy
2016,1166,big_east
2016,1167,wac
2016,1168,big_west
2016,1169,big_west
2016,1170,big_sky
2016,1171,ivy
2016,1172,a_ten
2016,1173,a_ten
2016,1174,caa
2016,1175,meac
2016,1176,summit
2016,1177,big_east
2016,1178,horizon
2016,1179,mvc
2016,1180,caa
2016,1181,acc
2016,1182,a_ten
2016,1183,ovc
2016,1184,ovc
2016,1185,mac
2016,1186,big_sky
2016,1187,aac
2016,1188,ovc
2016,1189,caa
2016,1190,southern
2016,1191,mvc
2016,1192,nec
2016,1193,maac
2016,1194,cusa
2016,1195,a_sun
2016,1196,sec
2016,1197,meac
2016,1198,cusa
2016,1199,acc
2016,1200,a_ten
2016,1201,mwc
2016,1202,southern
2016,1203,a_ten
2016,1204,sun_belt
2016,1205,big_south
2016,1206,a_ten
2016,1207,big_east
2016,1208,sec
2016,1209,sun_belt
2016,1210,acc
2016,1211,wcc
2016,1212,swac
2016,1213,wac
2016,1214,meac
2016,1216,aec
2016,1217,ivy
2016,1218,big_west
2016,1219,big_south
2016,1220,caa
2016,1221,patriot
2016,1222,aac
2016,1223,southland
2016,1224,meac
2016,1225,big_sky
2016,1226,big_sky
2016,1227,horizon
2016,1228,big_ten
2016,1229,mvc
2016,1230,southland
2016,1231,big_ten
2016,1232,mvc
2016,1233,maac
2016,1234,big_ten
2016,1235,big_twelve
2016,1236,summit
2016,1237,summit
2016,1238,swac
2016,1239,a_sun
2016,1240,ovc
2016,1241,caa
2016,1242,big_twelve
2016,1243,big_twelve
2016,1244,a_sun
2016,1245,mac
2016,1246,sec
2016,1247,a_ten
2016,1248,patriot
2016,1249,southland
2016,1250,patriot
2016,1251,big_south
2016,1252,a_sun
2016,1253,big_west
2016,1254,nec
2016,1255,big_south
2016,1256,cusa
2016,1257,acc
2016,1258,wcc
2016,1259,patriot
2016,1260,mvc
2016,1261,sec
2016,1262,aec
2016,1263,aec
2016,1264,maac
2016,1265,maac
2016,1266,big_east
2016,1267,cusa
2016,1268,big_ten
2016,1269,a_ten
2016,1270,southland
2016,1271,meac
2016,1272,aac
2016,1273,southern
2016,1274,acc
2016,1275,mac
2016,1276,big_ten
2016,1277,big_ten
2016,1278,big_ten
2016,1279,sec
2016,1280,sec
2016,1281,sec
2016,1282,wac
2016,1283,mvc
2016,1284,maac
2016,1285,big_sky
2016,1286,big_sky
2016,1287,ovc
2016,1288,meac
2016,1290,swac
2016,1291,nec
2016,1292,cusa
2016,1293,ovc
2016,1294,big_sky
2016,1295,summit
2016,1296,mac
2016,1297,horizon
2016,1298,patriot
2016,1299,meac
2016,1300,meac
2016,1301,acc
2016,1303,summit
2016,1304,big_ten
2016,1305,mwc
2016,1306,aec
2016,1307,mwc
2016,1308,wac
2016,1309,southland
2016,1310,maac
2016,1311,southland
2016,1312,a_sun
2016,1313,meac
2016,1314,acc
2016,1315,big_sky
2016,1316,a_sun
2016,1317,cusa
2016,1318,caa
2016,1319,big_sky
2016,1320,mvc
2016,1321,big_ten
2016,1322,southland
2016,1323,acc
2016,1324,horizon
2016,1325,mac
2016,1326,big_ten
2016,1328,big_twelve
2016,1329,big_twelve
2016,1330,cusa
2016,1331,summit
2016,1332,pac_twelve
2016,1333,pac_twelve
2016,1334,wcc
2016,1335,ivy
2016,1336,big_ten
2016,1337,wcc
2016,1338,acc
2016,1339,wcc
2016,1340,big_sky
2016,1341,swac
2016,1342,big_south
2016,1343,ivy
2016,1344,big_east
2016,1345,big_ten
2016,1346,maac
2016,1347,big_south
2016,1348,a_ten
2016,1349,cusa
2016,1350,a_ten
2016,1351,maac
2016,1352,nec
2016,1353,big_ten
2016,1354,meac
2016,1355,summit
2016,1356,mvc
2016,1357,nec
2016,1358,southland
2016,1359,southern
2016,1360,wcc
2016,1361,mwc
2016,1362,wcc
2016,1363,mwc
2016,1364,big_west
2016,1365,wcc
2016,1366,meac
2016,1367,a_sun
2016,1368,southland
2016,1369,ovc
2016,1370,wac
2016,1371,big_east
2016,1372,southland
2016,1373,maac
2016,1374,aac
2016,1375,sun_belt
2016,1376,sec
2016,1377,summit
2016,1378,aac
2016,1379,cusa
2016,1380,swac
2016,1381,big_sky
2016,1382,a_ten
2016,1383,nec
2016,1384,nec
2016,1385,big_east
2016,1386,a_ten
2016,1387,a_ten
2016,1388,wcc
2016,1389,maac
2016,1390,pac_twelve
2016,1391,a_sun
2016,1392,aec
2016,1393,acc
2016,1394,southland
2016,1395,big_twelve
2016,1396,aac
2016,1397,sec
2016,1398,ovc
2016,1399,ovc
2016,1400,big_twelve
2016,1401,sec
2016,1402,sun_belt
2016,1403,big_twelve
2016,1404,ovc
2016,1405,mac
2016,1406,caa
2016,1407,sun_belt
2016,1408,aac
2016,1409,aac
2016,1410,wac
2016,1411,swac
2016,1412,cusa
2016,1413,big_west
2016,1414,big_west
2016,1415,big_west
2016,1416,aac
2016,1417,pac_twelve
2016,1418,sun_belt
2016,1419,sun_belt
2016,1420,aec
2016,1421,big_south
2016,1422,southern
2016,1423,caa
2016,1424,mwc
2016,1425,pac_twelve
2016,1426,sun_belt
2016,1427,cusa
2016,1428,pac_twelve
2016,1429,mwc
2016,1430,wac
2016,1431,cusa
2016,1433,a_ten
2016,1434,horizon
2016,1435,sec
2016,1436,aec
2016,1437,big_east
2016,1438,acc
2016,1439,acc
2016,1440,southern
2016,1441,southern
2016,1442,summit
2016,1443,cusa
2016,1444,mac
2016,1447,nec
2016,1448,acc
2016,1449,pac_twelve
2016,1450,pac_twelve
2016,1451,big_sky
2016,1452,big_twelve
2016,1453,horizon
2016,1454,horizon
2016,1455,mvc
2016,1456,caa
2016,1457,big_south
2016,1458,big_ten
2016,1459,southern
2016,1460,horizon
2016,1461,mwc
2016,1462,big_east
2016,1463,ivy
2016,1464,horizon
2017,1101,southland
2017,1102,mwc
2017,1103,mac
2017,1104,sec
2017,1105,swac
2017,1106,swac
2017,1107,aec
2017,1108,swac
2017,1110,patriot
2017,1111,sun_belt
2017,1112,pac_twelve
2017,1113,pac_twelve
2017,1114,sun_belt
2017,1115,swac
2017,1116,sec
2017,1117,sun_belt
2017,1119,patriot
2017,1120,sec
2017,1122,ovc
2017,1123,mac
2017,1124,big_twelve
2017,1125,ovc
2017,1126,meac
2017,1127,aec
2017,1129,mwc
2017,1130,acc
2017,1131,patriot
2017,1132,mac
2017,1133,mvc
2017,1135,ivy
2017,1136,nec
2017,1137,patriot
2017,1138,mac
2017,1139,big_east
2017,1140,wcc
2017,1141,mac
2017,1142,big_west
2017,1143,pac_twelve
2017,1144,big_south
2017,1145,maac
2017,1146,southland
2017,1148,nec
2017,1149,big_south
2017,1150,cusa
2017,1151,southern
2017,1152,wac
2017,1153,aac
2017,1154,southern
2017,1155,acc
2017,1156,horizon
2017,1157,sun_belt
2017,1158,caa
2017,1159,patriot
2017,1160,pac_twelve
2017,1161,mwc
2017,1162,ivy
2017,1163,aac
2017,1164,meac
2017,1165,ivy
2017,1166,big_east
2017,1167,wac
2017,1168,big_west
2017,1169,big_west
2017,1170,big_sky
2017,1171,ivy
2017,1172,a_ten
2017,1173,a_ten
2017,1174,caa
2017,1175,meac
2017,1176,summit
2017,1177,big_east
2017,1178,horizon
2017,1179,mvc
2017,1180,caa
2017,1181,acc
2017,1182,a_ten
2017,1183,ovc
2017,1184,ovc
2017,1185,mac
2017,1186,big_sky
2017,1187,aac
2017,1188,ovc
2017,1189,caa
2017,1190,southern
2017,1191,mvc
2017,1192,nec
2017,1193,maac
2017,1194,cusa
2017,1195,a_sun
2017,1196,sec
2017,1197,meac
2017,1198,cusa
2017,1199,acc
2017,1200,a_ten
2017,1201,mwc
2017,1202,southern
2017,1203,a_ten
2017,1204,sun_belt
2017,1205,big_south
2017,1206,a_ten
2017,1207,big_east
2017,1208,sec
2017,1209,sun_belt
2017,1210,acc
2017,1211,wcc
2017,1212,swac
2017,1213,wac
2017,1214,meac
2017,1216,aec
2017,1217,ivy
2017,1218,big_west
2017,1219,big_south
2017,1220,caa
2017,1221,patriot
2017,1222,aac
2017,1223,southland
2017,1224,meac
2017,1225,big_sky
2017,1226,big_sky
2017,1227,horizon
2017,1228,big_ten
2017,1229,mvc
2017,1230,southland
2017,1231,big_ten
2017,1232,mvc
2017,1233,maac
2017,1234,big_ten
2017,1235,big_twelve
2017,1236,summit
2017,1237,summit
2017,1238,swac
2017,1239,a_sun
2017,1240,ovc
2017,1241,caa
2017,1242,big_twelve
2017,1243,big_twelve
2017,1244,a_sun
2017,1245,mac
2017,1246,sec
2017,1247,a_ten
2017,1248,patriot
2017,1249,southland
2017,1250,patriot
2017,1251,big_south
2017,1252,a_sun
2017,1253,big_west
2017,1254,nec
2017,1255,big_south
2017,1256,cusa
2017,1257,acc
2017,1258,wcc
2017,1259,patriot
2017,1260,mvc
2017,1261,sec
2017,1262,aec
2017,1263,aec
2017,1264,maac
2017,1265,maac
2017,1266,big_east
2017,1267,cusa
2017,1268,big_ten
2017,1269,a_ten
2017,1270,southland
2017,1271,meac
2017,1272,aac
2017,1273,southern
2017,1274,acc
2017,1275,mac
2017,1276,big_ten
2017,1277,big_ten
2017,1278,big_ten
2017,1279,sec
2017,1280,sec
2017,1281,sec
2017,1282,wac
2017,1283,mvc
2017,1284,maac
2017,1285,big_sky
2017,1286,big_sky
2017,1287,ovc
2017,1288,meac
2017,1290,swac
2017,1291,nec
2017,1292,cusa
2017,1293,ovc
2017,1294,big_sky
2017,1295,summit
2017,1296,mac
2017,1297,horizon
2017,1298,patriot
2017,1299,meac
2017,1300,meac
2017,1301,acc
2017,1303,summit
2017,1304,big_ten
2017,1305,mwc
2017,1306,aec
2017,1307,mwc
2017,1308,wac
2017,1309,southland
2017,1310,maac
2017,1311,southland
2017,1312,a_sun
2017,1313,meac
2017,1314,acc
2017,1315,big_sky
2017,1316,a_sun
2017,1317,cusa
2017,1318,caa
2017,1319,big_sky
2017,1320,mvc
2017,1321,big_ten
2017,1322,southland
2017,1323,acc
2017,1324,horizon
2017,1325,mac
2017,1326,big_ten
2017,1328,big_twelve
2017,1329,big_twelve
2017,1330,cusa
2017,1331,summit
2017,1332,pac_twelve
2017,1333,pac_twelve
2017,1334,wcc
2017,1335,ivy
2017,1336,big_ten
2017,1337,wcc
2017,1338,acc
2017,1339,wcc
2017,1340,big_sky
2017,1341,swac
2017,1342,big_south
2017,1343,ivy
2017,1344,big_east
2017,1345,big_ten
2017,1346,maac
2017,1347,big_south
2017,1348,a_ten
2017,1349,cusa
2017,1350,a_ten
2017,1351,maac
2017,1352,nec
2017,1353,big_ten
2017,1354,meac
2017,1355,summit
2017,1356,mvc
2017,1357,nec
2017,1358,southland
2017,1359,southern
2017,1360,wcc
2017,1361,mwc
2017,1362,wcc
2017,1363,mwc
2017,1364,big_west
2017,1365,wcc
2017,1366,meac
2017,1367,a_sun
2017,1368,southland
2017,1369,ovc
2017,1370,wac
2017,1371,big_east
2017,1372,southland
2017,1373,maac
2017,1374,aac
2017,1375,sun_belt
2017,1376,sec
2017,1377,summit
2017,1378,aac
2017,1379,cusa
2017,1380,swac
2017,1381,big_sky
2017,1382,a_ten
2017,1383,nec
2017,1384,nec
2017,1385,big_east
2017,1386,a_ten
2017,1387,a_ten
2017,1388,wcc
2017,1389,maac
2017,1390,pac_twelve
2017,1391,a_sun
2017,1392,aec
2017,1393,acc
2017,1394,southland
2017,1395,big_twelve
2017,1396,aac
2017,1397,sec
2017,1398,ovc
2017,1399,ovc
2017,1400,big_twelve
2017,1401,sec
2017,1402,sun_belt
2017,1403,big_twelve
2017,1404,ovc
2017,1405,mac
2017,1406,caa
2017,1407,sun_belt
2017,1408,aac
2017,1409,aac
2017,1410,wac
2017,1411,swac
2017,1412,cusa
2017,1413,big_west
2017,1414,big_west
2017,1415,big_west
2017,1416,aac
2017,1417,pac_twelve
2017,1418,sun_belt
2017,1419,sun_belt
2017,1420,aec
2017,1421,big_south
2017,1422,southern
2017,1423,caa
2017,1424,mwc
2017,1425,pac_twelve
2017,1426,sun_belt
2017,1427,cusa
2017,1428,pac_twelve
2017,1429,mwc
2017,1430,wac
2017,1431,cusa
2017,1433,a_ten
2017,1434,horizon
2017,1435,sec
2017,1436,aec
2017,1437,big_east
2017,1438,acc
2017,1439,acc
2017,1440,southern
2017,1441,southern
2017,1442,summit
2017,1443,cusa
2017,1444,mac
2017,1447,nec
2017,1448,acc
2017,1449,pac_twelve
2017,1450,pac_twelve
2017,1451,big_sky
2017,1452,big_twelve
2017,1453,horizon
2017,1454,horizon
2017,1455,mvc
2017,1456,caa
2017,1457,big_south
2017,1458,big_ten
2017,1459,southern
2017,1460,horizon
2017,1461,mwc
2017,1462,big_east
2017,1463,ivy
2017,1464,horizon
2018,1101,southland
2018,1102,mwc
2018,1103,mac
2018,1104,sec
2018,1105,swac
2018,1106,swac
2018,1107,aec
2018,1108,swac
2018,1110,patriot
2018,1111,sun_belt
2018,1112,pac_twelve
2018,1113,pac_twelve
2018,1114,sun_belt
2018,1115,swac
2018,1116,sec
2018,1117,sun_belt
2018,1119,patriot
2018,1120,sec
2018,1122,ovc
2018,1123,mac
2018,1124,big_twelve
2018,1125,ovc
2018,1126,meac
2018,1127,aec
2018,1129,mwc
2018,1130,acc
2018,1131,patriot
2018,1132,mac
2018,1133,mvc
2018,1135,ivy
2018,1136,nec
2018,1137,patriot
2018,1138,mac
2018,1139,big_east
2018,1140,wcc
2018,1141,mac
2018,1142,big_west
2018,1143,pac_twelve
2018,1144,big_south
2018,1145,maac
2018,1146,southland
2018,1148,nec
2018,1149,big_south
2018,1150,cusa
2018,1151,southern
2018,1152,wac
2018,1153,aac
2018,1154,southern
2018,1155,acc
2018,1156,horizon
2018,1157,sun_belt
2018,1158,caa
2018,1159,patriot
2018,1160,pac_twelve
2018,1161,mwc
2018,1162,ivy
2018,1163,aac
2018,1164,meac
2018,1165,ivy
2018,1166,big_east
2018,1167,wac
2018,1168,big_west
2018,1169,big_west
2018,1170,big_sky
2018,1171,ivy
2018,1172,a_ten
2018,1173,a_ten
2018,1174,caa
2018,1175,meac
2018,1176,summit
2018,1177,big_east
2018,1178,horizon
2018,1179,mvc
2018,1180,caa
2018,1181,acc
2018,1182,a_ten
2018,1183,ovc
2018,1184,ovc
2018,1185,mac
2018,1186,big_sky
2018,1187,aac
2018,1188,ovc
2018,1189,caa
2018,1190,southern
2018,1191,mvc
2018,1192,nec
2018,1193,maac
2018,1194,cusa
2018,1195,a_sun
2018,1196,sec
2018,1197,meac
2018,1198,cusa
2018,1199,acc
2018,1200,a_ten
2018,1201,mwc
2018,1202,southern
2018,1203,a_ten
2018,1204,sun_belt
2018,1205,big_south
2018,1206,a_ten
2018,1207,big_east
2018,1208,sec
2018,1209,sun_belt
2018,1210,acc
2018,1211,wcc
2018,1212,swac
2018,1213,wac
2018,1214,meac
2018,1216,aec
2018,1217,ivy
2018,1218,big_west
2018,1219,big_south
2018,1220,caa
2018,1221,patriot
2018,1222,aac
2018,1223,southland
2018,1224,meac
2018,1225,big_sky
2018,1226,big_sky
2018,1227,horizon
2018,1228,big_ten
2018,1229,mvc
2018,1230,southland
2018,1231,big_ten
2018,1232,mvc
2018,1233,maac
2018,1234,big_ten
2018,1235,big_twelve
2018,1236,summit
2018,1237,horizon
2018,1238,swac
2018,1239,a_sun
2018,1240,ovc
2018,1241,caa
2018,1242,big_twelve
2018,1243,big_twelve
2018,1244,a_sun
2018,1245,mac
2018,1246,sec
2018,1247,a_ten
2018,1248,patriot
2018,1249,southland
2018,1250,patriot
2018,1251,big_south
2018,1252,a_sun
2018,1253,big_west
2018,1254,nec
2018,1255,big_south
2018,1256,cusa
2018,1257,acc
2018,1258,wcc
2018,1259,patriot
2018,1260,mvc
2018,1261,sec
2018,1262,aec
2018,1263,aec
2018,1264,maac
2018,1265,maac
2018,1266,big_east
2018,1267,cusa
2018,1268,big_ten
2018,1269,a_ten
2018,1270,southland
2018,1271,meac
2018,1272,aac
2018,1273,southern
2018,1274,acc
2018,1275,mac
2018,1276,big_ten
2018,1277,big_ten
2018,1278,big_ten
2018,1279,sec
2018,1280,sec
2018,1281,sec
2018,1282,wac
2018,1283,mvc
2018,1284,maac
2018,1285,big_sky
2018,1286,big_sky
2018,1287,ovc
2018,1288,meac
2018,1290,swac
2018,1291,nec
2018,1292,cusa
2018,1293,ovc
2018,1294,big_sky
2018,1295,summit
2018,1296,mac
2018,1297,horizon
2018,1298,patriot
2018,1299,meac
2018,1300,meac
2018,1301,acc
2018,1303,summit
2018,1304,big_ten
2018,1305,mwc
2018,1306,aec
2018,1307,mwc
2018,1308,wac
2018,1309,southland
2018,1310,maac
2018,1311,southland
2018,1312,a_sun
2018,1313,meac
2018,1314,acc
2018,1315,big_sky
2018,1316,a_sun
2018,1317,cusa
2018,1318,caa
2018,1319,big_sky
2018,1320,mvc
2018,1321,big_ten
2018,1322,southland
2018,1323,acc
2018,1324,horizon
2018,1325,mac
2018,1326,big_ten
2018,1328,big_twelve
2018,1329,big_twelve
2018,1330,cusa
2018,1331,summit
2018,1332,pac_twelve
2018,1333,pac_twelve
2018,1334,wcc
2018,1335,ivy
2018,1336,big_ten
2018,1337,wcc
2018,1338,acc
2018,1339,wcc
2018,1340,big_sky
2018,1341,swac
2018,1342,big_south
2018,1343,ivy
2018,1344,big_east
2018,1345,big_ten
2018,1346,maac
2018,1347,big_south
2018,1348,a_ten
2018,1349,cusa
2018,1350,a_ten
2018,1351,maac
2018,1352,nec
2018,1353,big_ten
2018,1354,meac
2018,1355,summit
2018,1356,mvc
2018,1357,nec
2018,1358,southland
2018,1359,southern
2018,1360,wcc
2018,1361,mwc
2018,1362,wcc
2018,1363,mwc
2018,1364,big_west
2018,1365,wcc
2018,1366,meac
2018,1367,a_sun
2018,1368,southland
2018,1369,ovc
2018,1370,wac
2018,1371,big_east
2018,1372,southland
2018,1373,maac
2018,1374,aac
2018,1375,sun_belt
2018,1376,sec
2018,1377,summit
2018,1378,aac
2018,1379,cusa
2018,1380,swac
2018,1381,big_sky
2018,1382,a_ten
2018,1383,nec
2018,1384,nec
2018,1385,big_east
2018,1386,a_ten
2018,1387,a_ten
2018,1388,wcc
2018,1389,maac
2018,1390,pac_twelve
2018,1391,a_sun
2018,1392,aec
2018,1393,acc
2018,1394,southland
2018,1395,big_twelve
2018,1396,aac
2018,1397,sec
2018,1398,ovc
2018,1399,ovc
2018,1400,big_twelve
2018,1401,sec
2018,1402,sun_belt
2018,1403,big_twelve
2018,1404,ovc
2018,1405,mac
2018,1406,caa
2018,1407,sun_belt
2018,1408,aac
2018,1409,aac
2018,1410,wac
2018,1411,swac
2018,1412,cusa
2018,1413,big_west
2018,1414,big_west
2018,1415,big_west
2018,1416,aac
2018,1417,pac_twelve
2018,1418,sun_belt
2018,1419,sun_belt
2018,1420,aec
2018,1421,big_south
2018,1422,southern
2018,1423,caa
2018,1424,mwc
2018,1425,pac_twelve
2018,1426,sun_belt
2018,1427,cusa
2018,1428,pac_twelve
2018,1429,mwc
2018,1430,wac
2018,1431,cusa
2018,1433,a_ten
2018,1434,mvc
2018,1435,sec
2018,1436,aec
2018,1437,big_east
2018,1438,acc
2018,1439,acc
2018,1440,southern
2018,1441,southern
2018,1442,summit
2018,1443,cusa
2018,1444,mac
2018,1447,nec
2018,1448,acc
2018,1449,pac_twelve
2018,1450,pac_twelve
2018,1451,big_sky
2018,1452,big_twelve
2018,1453,horizon
2018,1454,horizon
2018,1455,aac
2018,1456,caa
2018,1457,big_south
2018,1458,big_ten
2018,1459,southern
2018,1460,horizon
2018,1461,mwc
2018,1462,big_east
2018,1463,ivy
2018,1464,horizon
2019,1101,southland
2019,1102,mwc
2019,1103,mac
2019,1104,sec
2019,1105,swac
2019,1106,swac
2019,1107,aec
2019,1108,swac
2019,1110,patriot
2019,1111,sun_belt
2019,1112,pac_twelve
2019,1113,pac_twelve
2019,1114,sun_belt
2019,1115,swac
2019,1116,sec
2019,1117,sun_belt
2019,1119,patriot
2019,1120,sec
2019,1122,ovc
2019,1123,mac
2019,1124,big_twelve
2019,1125,ovc
2019,1126,meac
2019,1127,aec
2019,1129,mwc
2019,1130,acc
2019,1131,patriot
2019,1132,mac
2019,1133,mvc
2019,1135,ivy
2019,1136,nec
2019,1137,patriot
2019,1138,mac
2019,1139,big_east
2019,1140,wcc
2019,1141,mac
2019,1142,big_west
2019,1143,pac_twelve
2019,1144,big_south
2019,1145,maac
2019,1146,southland
2019,1148,nec
2019,1149,big_south
2019,1150,cusa
2019,1151,southern
2019,1152,wac
2019,1153,aac
2019,1154,southern
2019,1155,acc
2019,1156,horizon
2019,1157,sun_belt
2019,1158,caa
2019,1159,patriot
2019,1160,pac_twelve
2019,1161,mwc
2019,1162,ivy
2019,1163,aac
2019,1164,meac
2019,1165,ivy
2019,1166,big_east
2019,1167,wac
2019,1168,big_west
2019,1169,big_west
2019,1170,big_sky
2019,1171,ivy
2019,1172,a_ten
2019,1173,a_ten
2019,1174,caa
2019,1175,meac
2019,1176,summit
2019,1177,big_east
2019,1178,horizon
2019,1179,mvc
2019,1180,caa
2019,1181,acc
2019,1182,a_ten
2019,1183,ovc
2019,1184,ovc
2019,1185,mac
2019,1186,big_sky
2019,1187,aac
2019,1188,ovc
2019,1189,caa
2019,1190,southern
2019,1191,mvc
2019,1192,nec
2019,1193,maac
2019,1194,cusa
2019,1195,a_sun
2019,1196,sec
2019,1197,meac
2019,1198,cusa
2019,1199,acc
2019,1200,a_ten
2019,1201,mwc
2019,1202,southern
2019,1203,a_ten
2019,1204,sun_belt
2019,1205,big_south
2019,1206,a_ten
2019,1207,big_east
2019,1208,sec
2019,1209,sun_belt
2019,1210,acc
2019,1211,wcc
2019,1212,swac
2019,1213,wac
2019,1214,big_south
2019,1216,aec
2019,1217,ivy
2019,1218,big_west
2019,1219,big_south
2019,1220,caa
2019,1221,patriot
2019,1222,aac
2019,1223,southland
2019,1224,meac
2019,1225,big_sky
2019,1226,big_sky
2019,1227,horizon
2019,1228,big_ten
2019,1229,mvc
2019,1230,southland
2019,1231,big_ten
2019,1232,mvc
2019,1233,maac
2019,1234,big_ten
2019,1235,big_twelve
2019,1236,summit
2019,1237,horizon
2019,1238,swac
2019,1239,a_sun
2019,1240,ovc
2019,1241,caa
2019,1242,big_twelve
2019,1243,big_twelve
2019,1244,a_sun
2019,1245,mac
2019,1246,sec
2019,1247,a_ten
2019,1248,patriot
2019,1249,southland
2019,1250,patriot
2019,1251,a_sun
2019,1252,a_sun
2019,1253,big_west
2019,1254,nec
2019,1255,big_south
2019,1256,cusa
2019,1257,acc
2019,1258,wcc
2019,1259,patriot
2019,1260,mvc
2019,1261,sec
2019,1262,aec
2019,1263,aec
2019,1264,maac
2019,1265,maac
2019,1266,big_east
2019,1267,cusa
2019,1268,big_ten
2019,1269,a_ten
2019,1270,southland
2019,1271,meac
2019,1272,aac
2019,1273,southern
2019,1274,acc
2019,1275,mac
2019,1276,big_ten
2019,1277,big_ten
2019,1278,big_ten
2019,1279,sec
2019,1280,sec
2019,1281,sec
2019,1282,wac
2019,1283,mvc
2019,1284,maac
2019,1285,big_sky
2019,1286,big_sky
2019,1287,ovc
2019,1288,meac
2019,1290,swac
2019,1291,nec
2019,1292,cusa
2019,1293,ovc
2019,1294,big_sky
2019,1295,summit
2019,1296,mac
2019,1297,horizon
2019,1298,patriot
2019,1299,meac
2019,1300,meac
2019,1301,acc
2019,1303,summit
2019,1304,big_ten
2019,1305,mwc
2019,1306,aec
2019,1307,mwc
2019,1308,wac
2019,1309,southland
2019,1310,maac
2019,1311,southland
2019,1312,a_sun
2019,1313,meac
2019,1314,acc
2019,1315,summit
2019,1316,a_sun
2019,1317,cusa
2019,1318,caa
2019,1319,big_sky
2019,1320,mvc
2019,1321,big_ten
2019,1322,southland
2019,1323,acc
2019,1324,horizon
2019,1325,mac
2019,1326,big_ten
2019,1328,big_twelve
2019,1329,big_twelve
2019,1330,cusa
2019,1331,summit
2019,1332,pac_twelve
2019,1333,pac_twelve
2019,1334,wcc
2019,1335,ivy
2019,1336,big_ten
2019,1337,wcc
2019,1338,acc
2019,1339,wcc
2019,1340,big_sky
2019,1341,swac
2019,1342,big_south
2019,1343,ivy
2019,1344,big_east
2019,1345,big_ten
2019,1346,maac
2019,1347,big_south
2019,1348,a_ten
2019,1349,cusa
2019,1350,a_ten
2019,1351,maac
2019,1352,nec
2019,1353,big_ten
2019,1354,meac
2019,1355,summit
2019,1356,mvc
2019,1357,nec
2019,1358,southland
2019,1359,southern
2019,1360,wcc
2019,1361,mwc
2019,1362,wcc
2019,1363,mwc
2019,1364,big_west
2019,1365,wcc
2019,1366,meac
2019,1367,big_south
2019,1368,southland
2019,1369,ovc
2019,1370,wac
2019,1371,big_east
2019,1372,southland
2019,1373,maac
2019,1374,aac
2019,1375,sun_belt
2019,1376,sec
2019,1377,summit
2019,1378,aac
2019,1379,cusa
2019,1380,swac
2019,1381,big_sky
2019,1382,a_ten
2019,1383,nec
2019,1384,nec
2019,1385,big_east
2019,1386,a_ten
2019,1387,a_ten
2019,1388,wcc
2019,1389,maac
2019,1390,pac_twelve
2019,1391,a_sun
2019,1392,aec
2019,1393,acc
2019,1394,southland
2019,1395,big_twelve
2019,1396,aac
2019,1397,sec
2019,1398,ovc
2019,1399,ovc
2019,1400,big_twelve
2019,1401,sec
2019,1402,sun_belt
2019,1403,big_twelve
2019,1404,ovc
2019,1405,mac
2019,1406,caa
2019,1407,sun_belt
2019,1408,aac
2019,1409,aac
2019,1410,wac
2019,1411,swac
2019,1412,cusa
2019,1413,big_west
2019,1414,big_west
2019,1415,big_west
2019,1416,aac
2019,1417,pac_twelve
2019,1418,sun_belt
2019,1419,sun_belt
2019,1420,aec
2019,1421,big_south
2019,1422,southern
2019,1423,caa
2019,1424,mwc
2019,1425,pac_twelve
2019,1426,sun_belt
2019,1427,cusa
2019,1428,pac_twelve
2019,1429,mwc
2019,1430,wac
2019,1431,cusa
2019,1433,a_ten
2019,1434,mvc
2019,1435,sec
2019,1436,aec
2019,1437,big_east
2019,1438,acc
2019,1439,acc
2019,1440,southern
2019,1441,southern
2019,1442,summit
2019,1443,cusa
2019,1444,mac
2019,1447,nec
2019,1448,acc
2019,1449,pac_twelve
2019,1450,pac_twelve
2019,1451,big_sky
2019,1452,big_twelve
2019,1453,horizon
2019,1454,horizon
2019,1455,aac
2019,1456,caa
2019,1457,big_south
2019,1458,big_ten
2019,1459,southern
2019,1460,horizon
2019,1461,mwc
2019,1462,big_east
2019,1463,ivy
2019,1464,horizon
2019,1465,wac
2019,1466,a_sun
2020,1101,southland
2020,1102,mwc
2020,1103,mac
2020,1104,sec
2020,1105,swac
2020,1106,swac
2020,1107,aec
2020,1108,swac
2020,1110,patriot
2020,1111,sun_belt
2020,1112,pac_twelve
2020,1113,pac_twelve
2020,1114,sun_belt
2020,1115,swac
2020,1116,sec
2020,1117,sun_belt
2020,1119,patriot
2020,1120,sec
2020,1122,ovc
2020,1123,mac
2020,1124,big_twelve
2020,1125,ovc
2020,1126,meac
2020,1127,aec
2020,1129,mwc
2020,1130,acc
2020,1131,patriot
2020,1132,mac
2020,1133,mvc
2020,1135,ivy
2020,1136,nec
2020,1137,patriot
2020,1138,mac
2020,1139,big_east
2020,1140,wcc
2020,1141,mac
2020,1142,big_west
2020,1143,pac_twelve
2020,1144,big_south
2020,1145,maac
2020,1146,southland
2020,1148,nec
2020,1149,big_south
2020,1150,cusa
2020,1151,southern
2020,1152,wac
2020,1153,aac
2020,1154,southern
2020,1155,acc
2020,1156,horizon
2020,1157,sun_belt
2020,1158,caa
2020,1159,patriot
2020,1160,pac_twelve
2020,1161,mwc
2020,1162,ivy
2020,1163,aac
2020,1164,meac
2020,1165,ivy
2020,1166,big_east
2020,1167,wac
2020,1168,big_west
2020,1169,big_west
2020,1170,big_sky
2020,1171,ivy
2020,1172,a_ten
2020,1173,a_ten
2020,1174,caa
2020,1175,meac
2020,1176,summit
2020,1177,big_east
2020,1178,horizon
2020,1179,mvc
2020,1180,caa
2020,1181,acc
2020,1182,a_ten
2020,1183,ovc
2020,1184,ovc
2020,1185,mac
2020,1186,big_sky
2020,1187,aac
2020,1188,ovc
2020,1189,caa
2020,1190,southern
2020,1191,mvc
2020,1192,nec
2020,1193,maac
2020,1194,cusa
2020,1195,a_sun
2020,1196,sec
2020,1197,meac
2020,1198,cusa
2020,1199,acc
2020,1200,a_ten
2020,1201,mwc
2020,1202,southern
2020,1203,a_ten
2020,1204,sun_belt
2020,1205,big_south
2020,1206,a_ten
2020,1207,big_east
2020,1208,sec
2020,1209,sun_belt
2020,1210,acc
2020,1211,wcc
2020,1212,swac
2020,1213,wac
2020,1214,big_south
2020,1216,aec
2020,1217,ivy
2020,1218,big_west
2020,1219,big_south
2020,1220,caa
2020,1221,patriot
2020,1222,aac
2020,1223,southland
2020,1224,meac
2020,1225,big_sky
2020,1226,big_sky
2020,1227,horizon
2020,1228,big_ten
2020,1229,mvc
2020,1230,southland
2020,1231,big_ten
2020,1232,mvc
2020,1233,maac
2020,1234,big_ten
2020,1235,big_twelve
2020,1236,summit
2020,1237,horizon
2020,1238,swac
2020,1239,a_sun
2020,1240,ovc
2020,1241,caa
2020,1242,big_twelve
2020,1243,big_twelve
2020,1244,a_sun
2020,1245,mac
2020,1246,sec
2020,1247,a_ten
2020,1248,patriot
2020,1249,southland
2020,1250,patriot
2020,1251,a_sun
2020,1252,a_sun
2020,1253,big_west
2020,1254,nec
2020,1255,big_south
2020,1256,cusa
2020,1257,acc
2020,1258,wcc
2020,1259,patriot
2020,1260,mvc
2020,1261,sec
2020,1262,aec
2020,1263,aec
2020,1264,maac
2020,1265,maac
2020,1266,big_east
2020,1267,cusa
2020,1268,big_ten
2020,1269,a_ten
2020,1270,southland
2020,1271,meac
2020,1272,aac
2020,1273,southern
2020,1274,acc
2020,1275,mac
2020,1276,big_ten
2020,1277,big_ten
2020,1278,big_ten
2020,1279,sec
2020,1280,sec
2020,1281,sec
2020,1282,wac
2020,1283,mvc
2020,1284,maac
2020,1285,big_sky
2020,1286,big_sky
2020,1287,ovc
2020,1288,meac
2020,1290,swac
2020,1291,nec
2020,1292,cusa
2020,1293,ovc
2020,1294,big_sky
2020,1295,summit
2020,1296,mac
2020,1297,horizon
2020,1298,patriot
2020,1299,meac
2020,1300,meac
2020,1301,acc
2020,1303,summit
2020,1304,big_ten
2020,1305,mwc
2020,1306,aec
2020,1307,mwc
2020,1308,wac
2020,1309,southland
2020,1310,maac
2020,1311,southland
2020,1312,a_sun
2020,1313,meac
2020,1314,acc
2020,1315,summit
2020,1316,a_sun
2020,1317,cusa
2020,1318,caa
2020,1319,big_sky
2020,1320,mvc
2020,1321,big_ten
2020,1322,southland
2020,1323,acc
2020,1324,horizon
2020,1325,mac
2020,1326,big_ten
2020,1328,big_twelve
2020,1329,big_twelve
2020,1330,cusa
2020,1331,summit
2020,1332,pac_twelve
2020,1333,pac_twelve
2020,1334,wcc
2020,1335,ivy
2020,1336,big_ten
2020,1337,wcc
2020,1338,acc
2020,1339,wcc
2020,1340,big_sky
2020,1341,swac
2020,1342,big_south
2020,1343,ivy
2020,1344,big_east
2020,1345,big_ten
2020,1346,maac
2020,1347,big_south
2020,1348,a_ten
2020,1349,cusa
2020,1350,a_ten
2020,1351,maac
2020,1352,nec
2020,1353,big_ten
2020,1354,meac
2020,1355,summit
2020,1356,mvc
2020,1357,nec
2020,1358,southland
2020,1359,southern
2020,1360,wcc
2020,1361,mwc
2020,1362,wcc
2020,1363,mwc
2020,1364,big_west
2020,1365,wcc
2020,1367,big_south
2020,1368,southland
2020,1369,ovc
2020,1370,wac
2020,1371,big_east
2020,1372,southland
2020,1373,maac
2020,1374,aac
2020,1375,sun_belt
2020,1376,sec
2020,1377,summit
2020,1378,aac
2020,1379,cusa
2020,1380,swac
2020,1381,big_sky
2020,1382,a_ten
2020,1383,nec
2020,1384,nec
2020,1385,big_east
2020,1386,a_ten
2020,1387,a_ten
2020,1388,wcc
2020,1389,maac
2020,1390,pac_twelve
2020,1391,a_sun
2020,1392,aec
2020,1393,acc
2020,1394,southland
2020,1395,big_twelve
2020,1396,aac
2020,1397,sec
2020,1398,ovc
2020,1399,ovc
2020,1400,big_twelve
2020,1401,sec
2020,1402,sun_belt
2020,1403,big_twelve
2020,1404,ovc
2020,1405,mac
2020,1406,caa
2020,1407,sun_belt
2020,1408,aac
2020,1409,aac
2020,1410,wac
2020,1411,swac
2020,1412,cusa
2020,1413,big_west
2020,1414,big_west
2020,1415,big_west
2020,1416,aac
2020,1417,pac_twelve
2020,1418,sun_belt
2020,1419,sun_belt
2020,1420,aec
2020,1421,big_south
2020,1422,southern
2020,1423,caa
2020,1424,mwc
2020,1425,pac_twelve
2020,1426,sun_belt
2020,1427,cusa
2020,1428,pac_twelve
2020,1429,mwc
2020,1430,wac
2020,1431,cusa
2020,1433,a_ten
2020,1434,mvc
2020,1435,sec
2020,1436,aec
2020,1437,big_east
2020,1438,acc
2020,1439,acc
2020,1440,southern
2020,1441,southern
2020,1442,summit
2020,1443,cusa
2020,1444,mac
2020,1447,nec
2020,1448,acc
2020,1449,pac_twelve
2020,1450,pac_twelve
2020,1451,big_sky
2020,1452,big_twelve
2020,1453,horizon
2020,1454,horizon
2020,1455,aac
2020,1456,caa
2020,1457,big_south
2020,1458,big_ten
2020,1459,southern
2020,1460,horizon
2020,1461,mwc
2020,1462,big_east
2020,1463,ivy
2020,1464,horizon
2020,1465,wac
2020,1466,a_sun
2020,1467,aec
2022,1101,wac
2022,1102,mwc
2022,1103,mac
2022,1104,sec
2022,1105,swac
2022,1106,swac
2022,1107,aec
2022,1108,swac
2022,1110,patriot
2022,1111,sun_belt
2022,1112,pac_twelve
2022,1113,pac_twelve
2022,1114,sun_belt
2022,1115,swac
2022,1116,sec
2022,1117,sun_belt
2022,1119,patriot
2022,1120,sec
2022,1122,ovc
2022,1123,mac
2022,1124,big_twelve
2022,1125,ovc
2022,1126,swac
2022,1127,aec
2022,1129,mwc
2022,1130,acc
2022,1131,patriot
2022,1132,mac
2022,1133,mvc
2022,1135,ivy
2022,1136,nec
2022,1137,patriot
2022,1138,mac
2022,1139,big_east
2022,1140,wcc
2022,1141,mac
2022,1142,big_west
2022,1143,pac_twelve
2022,1144,big_south
2022,1145,maac
2022,1146,a_sun
2022,1148,nec
2022,1149,big_south
2022,1150,cusa
2022,1151,southern
2022,1152,wac
2022,1153,aac
2022,1154,southern
2022,1155,acc
2022,1156,horizon
2022,1157,sun_belt
2022,1158,caa
2022,1159,patriot
2022,1160,pac_twelve
2022,1161,mwc
2022,1162,ivy
2022,1163,big_east
2022,1164,meac
2022,1165,ivy
2022,1166,big_east
2022,1167,big_west
2022,1168,big_west
2022,1169,big_west
2022,1170,big_sky
2022,1171,ivy
2022,1172,a_ten
2022,1173,a_ten
2022,1174,caa
2022,1175,meac
2022,1176,summit
2022,1177,big_east
2022,1178,horizon
2022,1179,mvc
2022,1180,caa
2022,1181,acc
2022,1182,a_ten
2022,1183,ovc
2022,1184,a_sun
2022,1185,mac
2022,1186,big_sky
2022,1187,aac
2022,1188,ovc
2022,1189,caa
2022,1190,southern
2022,1191,mvc
2022,1192,nec
2022,1193,maac
2022,1194,cusa
2022,1195,a_sun
2022,1196,sec
2022,1197,swac
2022,1198,cusa
2022,1199,acc
2022,1200,a_ten
2022,1201,mwc
2022,1202,southern
2022,1203,a_ten
2022,1204,sun_belt
2022,1205,big_south
2022,1206,a_ten
2022,1207,big_east
2022,1208,sec
2022,1209,sun_belt
2022,1210,acc
2022,1211,wcc
2022,1212,swac
2022,1213,wac
2022,1214,big_south
2022,1216,aec
2022,1217,ivy
2022,1218,big_west
2022,1219,big_south
2022,1220,caa
2022,1221,patriot
2022,1222,aac
2022,1223,southland
2022,1224,meac
2022,1225,big_sky
2022,1226,big_sky
2022,1227,horizon
2022,1228,big_ten
2022,1229,mvc
2022,1230,southland
2022,1231,big_ten
2022,1232,mvc
2022,1233,maac
2022,1234,big_ten
2022,1235,big_twelve
2022,1236,horizon
2022,1237,horizon
2022,1238,swac
2022,1239,a_sun
2022,1240,a_sun
2022,1241,caa
2022,1242,big_twelve
2022,1243,big_twelve
2022,1244,a_sun
2022,1245,mac
2022,1246,sec
2022,1247,a_ten
2022,1248,patriot
2022,1249,wac
2022,1250,patriot
2022,1251,a_sun
2022,1252,a_sun
2022,1253,big_west
2022,1254,nec
2022,1255,big_south
2022,1256,cusa
2022,1257,acc
2022,1258,wcc
2022,1259,patriot
2022,1260,mvc
2022,1261,sec
2022,1262,aec
2022,1263,aec
2022,1264,maac
2022,1265,maac
2022,1266,big_east
2022,1267,cusa
2022,1268,big_ten
2022,1269,a_ten
2022,1270,southland
2022,1271,meac
2022,1272,aac
2022,1273,southern
2022,1274,acc
2022,1275,mac
2022,1276,big_ten
2022,1277,big_ten
2022,1278,big_ten
2022,1279,sec
2022,1280,sec
2022,1281,sec
2022,1282,summit
2022,1283,mvc
2022,1284,maac
2022,1285,big_sky
2022,1286,big_sky
2022,1287,ovc
2022,1288,meac
2022,1290,swac
2022,1291,nec
2022,1292,cusa
2022,1293,ovc
2022,1294,big_sky
2022,1295,summit
2022,1296,mac
2022,1297,horizon
2022,1298,patriot
2022,1299,big_south
2022,1300,meac
2022,1301,acc
2022,1303,summit
2022,1304,big_ten
2022,1305,mwc
2022,1306,aec
2022,1307,mwc
2022,1308,wac
2022,1309,southland
2022,1310,maac
2022,1311,southland
2022,1312,aec
2022,1313,meac
2022,1314,acc
2022,1315,summit
2022,1316,a_sun
2022,1317,cusa
2022,1318,caa
2022,1319,big_sky
2022,1320,mvc
2022,1321,big_ten
2022,1322,southland
2022,1323,acc
2022,1324,horizon
2022,1325,mac
2022,1326,big_ten
2022,1328,big_twelve
2022,1329,big_twelve
2022,1330,cusa
2022,1331,summit
2022,1332,pac_twelve
2022,1333,pac_twelve
2022,1334,wcc
2022,1335,ivy
2022,1336,big_ten
2022,1337,wcc
2022,1338,acc
2022,1339,wcc
2022,1340,big_sky
2022,1341,swac
2022,1342,big_south
2022,1343,ivy
2022,1344,big_east
2022,1345,big_ten
2022,1346,maac
2022,1347,big_south
2022,1348,a_ten
2022,1349,cusa
2022,1350,a_ten
2022,1351,maac
2022,1352,horizon
2022,1353,big_ten
2022,1354,meac
2022,1355,summit
2022,1356,mvc
2022,1357,nec
2022,1358,wac
2022,1359,southern
2022,1360,wcc
2022,1361,mwc
2022,1362,wcc
2022,1363,mwc
2022,1364,big_west
2022,1365,wcc
2022,1367,big_south
2022,1368,southland
2022,1369,ovc
2022,1370,wac
2022,1371,big_east
2022,1372,wac
2022,1373,maac
2022,1374,aac
2022,1375,sun_belt
2022,1376,sec
2022,1377,summit
2022,1378,aac
2022,1379,cusa
2022,1380,swac
2022,1381,big_sky
2022,1382,a_ten
2022,1383,nec
2022,1384,nec
2022,1385,big_east
2022,1386,a_ten
2022,1387,a_ten
2022,1388,wcc
2022,1389,maac
2022,1390,pac_twelve
2022,1391,a_sun
2022,1392,aec
2022,1393,acc
2022,1394,southland
2022,1395,big_twelve
2022,1396,aac
2022,1397,sec
2022,1398,ovc
2022,1399,ovc
2022,1400,big_twelve
2022,1401,sec
2022,1402,sun_belt
2022,1403,big_twelve
2022,1404,ovc
2022,1405,mac
2022,1406,caa
2022,1407,sun_belt
2022,1408,aac
2022,1409,aac
2022,1410,wac
2022,1411,swac
2022,1412,cusa
2022,1413,big_west
2022,1414,big_west
2022,1415,big_west
2022,1416,aac
2022,1417,pac_twelve
2022,1418,sun_belt
2022,1419,sun_belt
2022,1420,aec
2022,1421,big_south
2022,1422,southern
2022,1423,caa
2022,1424,mwc
2022,1425,pac_twelve
2022,1426,sun_belt
2022,1427,cusa
2022,1428,pac_twelve
2022,1429,mwc
2022,1430,wac
2022,1431,cusa
2022,1433,a_ten
2022,1434,mvc
2022,1435,sec
2022,1436,aec
2022,1437,big_east
2022,1438,acc
2022,1439,acc
2022,1440,southern
2022,1441,southern
2022,1442,summit
2022,1443,cusa
2022,1444,mac
2022,1447,nec
2022,1448,acc
2022,1449,pac_twelve
2022,1450,pac_twelve
2022,1451,big_sky
2022,1452,big_twelve
2022,1453,horizon
2022,1454,horizon
2022,1455,aac
2022,1456,caa
2022,1457,big_south
2022,1458,big_ten
2022,1459,southern
2022,1460,horizon
2022,1461,mwc
2022,1462,big_east
2022,1463,ivy
2022,1464,horizon
2022,1465,wac
2022,1466,a_sun
2022,1467,nec
2022,1468,a_sun
2022,1469,wac
2022,1470,wac
2022,1471,big_west
2022,1472,summit
2023,1101,wac
2023,1102,mwc
2023,1103,mac
2023,1104,sec
2023,1105,swac
2023,1106,swac
2023,1107,aec
2023,1108,swac
2023,1110,patriot
2023,1111,sun_belt
2023,1112,pac_twelve
2023,1113,pac_twelve
2023,1114,ovc
2023,1115,swac
2023,1116,sec
2023,1117,sun_belt
2023,1119,patriot
2023,1120,sec
2023,1122,a_sun
2023,1123,mac
2023,1124,big_twelve
2023,1125,mvc
2023,1126,swac
2023,1127,aec
2023,1129,mwc
2023,1130,acc
2023,1131,patriot
2023,1132,mac
2023,1133,mvc
2023,1135,ivy
2023,1136,aec
2023,1137,patriot
2023,1138,mac
2023,1139,big_east
2023,1140,wcc
2023,1141,mac
2023,1142,big_west
2023,1143,pac_twelve
2023,1144,big_south
2023,1145,maac
2023,1146,a_sun
2023,1148,nec
2023,1149,big_south
2023,1150,cusa
2023,1151,southern
2023,1152,ind
2023,1153,aac
2023,1154,southern
2023,1155,acc
2023,1156,horizon
2023,1157,sun_belt
2023,1158,caa
2023,1159,patriot
2023,1160,pac_twelve
2023,1161,mwc
2023,1162,ivy
2023,1163,big_east
2023,1164,meac
2023,1165,ivy
2023,1166,big_east
2023,1167,big_west
2023,1168,big_west
2023,1169,big_west
2023,1170,big_sky
2023,1171,ivy
2023,1172,a_ten
2023,1173,a_ten
2023,1174,caa
2023,1175,meac
2023,1176,summit
2023,1177,big_east
2023,1178,horizon
2023,1179,mvc
2023,1180,caa
2023,1181,acc
2023,1182,a_ten
2023,1183,ovc
2023,1184,a_sun
2023,1185,mac
2023,1186,big_sky
2023,1187,aac
2023,1188,ovc
2023,1189,caa
2023,1190,southern
2023,1191,mvc
2023,1192,nec
2023,1193,maac
2023,1194,cusa
2023,1195,a_sun
2023,1196,sec
2023,1197,swac
2023,1198,cusa
2023,1199,acc
2023,1200,a_ten
2023,1201,mwc
2023,1202,southern
2023,1203,a_ten
2023,1204,sun_belt
2023,1205,big_south
2023,1206,a_ten
2023,1207,big_east
2023,1208,sec
2023,1209,sun_belt
2023,1210,acc
2023,1211,wcc
2023,1212,swac
2023,1213,wac
2023,1214,caa
2023,1216,ind
2023,1217,ivy
2023,1218,big_west
2023,1219,big_south
2023,1220,caa
2023,1221,patriot
2023,1222,aac
2023,1223,southland
2023,1224,meac
2023,1225,big_sky
2023,1226,big_sky
2023,1227,mvc
2023,1228,big_ten
2023,1229,mvc
2023,1230,southland
2023,1231,big_ten
2023,1232,mvc
2023,1233,maac
2023,1234,big_ten
2023,1235,big_twelve
2023,1236,horizon
2023,1237,horizon
2023,1238,swac
2023,1239,a_sun
2023,1240,a_sun
2023,1241,sun_belt
2023,1242,big_twelve
2023,1243,big_twelve
2023,1244,a_sun
2023,1245,mac
2023,1246,sec
2023,1247,a_ten
2023,1248,patriot
2023,1249,southland
2023,1250,patriot
2023,1251,a_sun
2023,1252,a_sun
2023,1253,big_west
2023,1254,nec
2023,1255,big_south
2023,1256,cusa
2023,1257,acc
2023,1258,wcc
2023,1259,patriot
2023,1260,a_ten
2023,1261,sec
2023,1262,aec
2023,1263,aec
2023,1264,maac
2023,1265,maac
2023,1266,big_east
2023,1267,sun_belt
2023,1268,big_ten
2023,1269,a_ten
2023,1270,southland
2023,1271,meac
2023,1272,aac
2023,1273,southern
2023,1274,acc
2023,1275,mac
2023,1276,big_ten
2023,1277,big_ten
2023,1278,big_ten
2023,1279,sec
2023,1280,sec
2023,1281,sec
2023,1282,summit
2023,1283,mvc
2023,1284,caa
2023,1285,big_sky
2023,1286,big_sky
2023,1287,ovc
2023,1288,meac
2023,1290,swac
2023,1291,maac
2023,1292,cusa
2023,1293,mvc
2023,1294,big_sky
2023,1295,summit
2023,1296,mac
2023,1297,horizon
2023,1298,patriot
2023,1299,caa
2023,1300,meac
2023,1301,acc
2023,1303,summit
2023,1304,big_ten
2023,1305,mwc
2023,1306,aec
2023,1307,mwc
2023,1308,wac
2023,1309,southland
2023,1310,maac
2023,1311,southland
2023,1312,aec
2023,1313,meac
2023,1314,acc
2023,1315,summit
2023,1316,a_sun
2023,1317,cusa
2023,1318,caa
2023,1319,big_sky
2023,1320,mvc
2023,1321,big_ten
2023,1322,southland
2023,1323,acc
2023,1324,horizon
2023,1325,mac
2023,1326,big_ten
2023,1328,big_twelve
2023,1329,big_twelve
2023,1330,sun_belt
2023,1331,summit
2023,1332,pac_twelve
2023,1333,pac_twelve
2023,1334,wcc
2023,1335,ivy
2023,1336,big_ten
2023,1337,wcc
2023,1338,acc
2023,1339,wcc
2023,1340,big_sky
2023,1341,swac
2023,1342,big_south
2023,1343,ivy
2023,1344,big_east
2023,1345,big_ten
2023,1346,maac
2023,1347,big_south
2023,1348,a_ten
2023,1349,cusa
2023,1350,a_ten
2023,1351,maac
2023,1352,horizon
2023,1353,big_ten
2023,1354,meac
2023,1355,summit
2023,1356,mvc
2023,1357,nec
2023,1358,wac
2023,1359,southern
2023,1360,wcc
2023,1361,mwc
2023,1362,wcc
2023,1363,mwc
2023,1364,big_west
2023,1365,wcc
2023,1367,big_south
2023,1368,southland
2023,1369,ovc
2023,1370,wac
2023,1371,big_east
2023,1372,wac
2023,1373,maac
2023,1374,aac
2023,1375,sun_belt
2023,1376,sec
2023,1377,summit
2023,1378,aac
2023,1379,sun_belt
2023,1380,swac
2023,1381,wac
2023,1382,a_ten
2023,1383,nec
2023,1384,nec
2023,1385,big_east
2023,1386,a_ten
2023,1387,a_ten
2023,1388,wcc
2023,1389,maac
2023,1390,pac_twelve
2023,1391,a_sun
2023,1392,caa
2023,1393,acc
2023,1394,southland
2023,1395,big_twelve
2023,1396,aac
2023,1397,sec
2023,1398,ovc
2023,1399,ovc
2023,1400,big_twelve
2023,1401,sec
2023,1402,sun_belt
2023,1403,big_twelve
2023,1404,ovc
2023,1405,mac
2023,1406,caa
2023,1407,sun_belt
2023,1408,aac
2023,1409,aac
2023,1410,wac
2023,1411,swac
2023,1412,cusa
2023,1413,big_west
2023,1414,big_west
2023,1415,big_west
2023,1416,aac
2023,1417,pac_twelve
2023,1418,sun_belt
2023,1419,sun_belt
2023,1420,aec
2023,1421,big_south
2023,1422,southern
2023,1423,caa
2023,1424,mwc
2023,1425,pac_twelve
2023,1426,wac
2023,1427,cusa
2023,1428,pac_twelve
2023,1429,mwc
2023,1430,wac
2023,1431,cusa
2023,1433,a_ten
2023,1434,mvc
2023,1435,sec
2023,1436,aec
2023,1437,big_east
2023,1438,acc
2023,1439,acc
2023,1440,southern
2023,1441,southern
2023,1442,summit
2023,1443,cusa
2023,1444,mac
2023,1447,nec
2023,1448,acc
2023,1449,pac_twelve
2023,1450,pac_twelve
2023,1451,big_sky
2023,1452,big_twelve
2023,1453,horizon
2023,1454,horizon
2023,1455,aac
2023,1456,caa
2023,1457,big_south
2023,1458,big_ten
2023,1459,southern
2023,1460,horizon
2023,1461,mwc
2023,1462,big_east
2023,1463,ivy
2023,1464,horizon
2023,1465,wac
2023,1466,a_sun
2023,1467,nec
2023,1468,a_sun
2023,1469,wac
2023,1470,wac
2023,1471,big_west
2023,1472,summit
2023,1473,ovc
2023,1474,a_sun
2023,1475,ovc
2023,1476,nec
2023,1477,southland
2024,1101,wac
2024,1102,mwc
2024,1103,mac
2024,1104,sec
2024,1105,swac
2024,1106,swac
2024,1107,aec
2024,1108,swac
2024,1110,patriot
2024,1111,sun_belt
2024,1112,pac_twelve
2024,1113,pac_twelve
2024,1114,ovc
2024,1115,swac
2024,1116,sec
2024,1117,sun_belt
2024,1119,patriot
2024,1120,sec
2024,1122,a_sun
2024,1123,mac
2024,1124,big_twelve
2024,1125,mvc
2024,1126,swac
2024,1127,aec
2024,1129,mwc
2024,1130,acc
2024,1131,patriot
2024,1132,mac
2024,1133,mvc
2024,1135,ivy
2024,1136,aec
2024,1137,patriot
2024,1138,mac
2024,1139,big_east
2024,1140,big_twelve
2024,1141,mac
2024,1142,big_west
2024,1143,pac_twelve
2024,1144,caa
2024,1145,maac
2024,1146,a_sun
2024,1148,nec
2024,1149,big_south
2024,1150,aac
2024,1151,southern
2024,1152,ind
2024,1153,big_twelve
2024,1154,southern
2024,1155,acc
2024,1156,horizon
2024,1157,sun_belt
2024,1158,caa
2024,1159,patriot
2024,1160,pac_twelve
2024,1161,mwc
2024,1162,ivy
2024,1163,big_east
2024,1164,meac
2024,1165,ivy
2024,1166,big_east
2024,1167,big_west
2024,1168,big_west
2024,1169,big_west
2024,1170,big_sky
2024,1171,ivy
2024,1172,a_ten
2024,1173,a_ten
2024,1174,caa
2024,1175,meac
2024,1176,summit
2024,1177,big_east
2024,1178,horizon
2024,1179,mvc
2024,1180,caa
2024,1181,acc
2024,1182,a_ten
2024,1183,ovc
2024,1184,a_sun
2024,1185,mac
2024,1186,big_sky
2024,1187,aac
2024,1188,ovc
2024,1189,caa
2024,1190,southern
2024,1191,mvc
2024,1192,nec
2024,1193,maac
2024,1194,aac
2024,1195,a_sun
2024,1196,sec
2024,1197,swac
2024,1198,cusa
2024,1199,acc
2024,1200,a_ten
2024,1201,mwc
2024,1202,southern
2024,1203,a_ten
2024,1204,sun_belt
2024,1205,big_south
2024,1206,a_ten
2024,1207,big_east
2024,1208,sec
2024,1209,sun_belt
2024,1210,acc
2024,1211,wcc
2024,1212,swac
2024,1213,wac
2024,1214,caa
2024,1217,ivy
2024,1218,big_west
2024,1219,big_south
2024,1220,caa
2024,1221,patriot
2024,1222,big_twelve
2024,1223,southland
2024,1224,meac
2024,1225,big_sky
2024,1226,big_sky
2024,1227,mvc
2024,1228,big_ten
2024,1229,mvc
2024,1230,southland
2024,1231,big_ten
2024,1232,mvc
2024,1233,maac
2024,1234,big_ten
2024,1235,big_twelve
2024,1236,horizon
2024,1237,horizon
2024,1238,swac
2024,1239,a_sun
2024,1240,cusa
2024,1241,sun_belt
2024,1242,big_twelve
2024,1243,big_twelve
2024,1244,a_sun
2024,1245,mac
2024,1246,sec
2024,1247,a_ten
2024,1248,patriot
2024,1249,southland
2024,1250,patriot
2024,1251,cusa
2024,1252,a_sun
2024,1253,big_west
2024,1254,nec
2024,1255,big_south
2024,1256,cusa
2024,1257,acc
2024,1258,wcc
2024,1259,patriot
2024,1260,a_ten
2024,1261,sec
2024,1262,aec
2024,1263,aec
2024,1264,maac
2024,1265,maac
2024,1266,big_east
2024,1267,sun_belt
2024,1268,big_ten
2024,1269,a_ten
2024,1270,southland
2024,1271,meac
2024,1272,aac
2024,1273,southern
2024,1274,acc
2024,1275,mac
2024,1276,big_ten
2024,1277,big_ten
2024,1278,big_ten
2024,1279,sec
2024,1280,sec
2024,1281,sec
2024,1282,summit
2024,1283,mvc
2024,1284,caa
2024,1285,big_sky
2024,1286,big_sky
2024,1287,ovc
2024,1288,meac
2024,1290,swac
2024,1291,maac
2024,1292,cusa
2024,1293,mvc
2024,1294,big_sky
2024,1295,summit
2024,1296,mac
2024,1297,horizon
2024,1298,patriot
2024,1299,caa
2024,1300,meac
2024,1301,acc
2024,1303,summit
2024,1304,big_ten
2024,1305,mwc
2024,1306,aec
2024,1307,mwc
2024,1308,cusa
2024,1309,southland
2024,1310,maac
2024,1311,southland
2024,1312,aec
2024,1313,meac
2024,1314,acc
2024,1315,summit
2024,1316,a_sun
2024,1317,aac
2024,1318,caa
2024,1319,big_sky
2024,1320,mvc
2024,1321,big_ten
2024,1322,southland
2024,1323,acc
2024,1324,horizon
2024,1325,mac
2024,1326,big_ten
2024,1328,big_twelve
2024,1329,big_twelve
2024,1330,sun_belt
2024,1331,summit
2024,1332,pac_twelve
2024,1333,pac_twelve
2024,1334,wcc
2024,1335,ivy
2024,1336,big_ten
2024,1337,wcc
2024,1338,acc
2024,1339,wcc
2024,1340,big_sky
2024,1341,swac
2024,1342,big_south
2024,1343,ivy
2024,1344,big_east
2024,1345,big_ten
2024,1346,maac
2024,1347,big_south
2024,1348,a_ten
2024,1349,aac
2024,1350,a_ten
2024,1351,maac
2024,1352,horizon
2024,1353,big_ten
2024,1354,meac
2024,1355,summit
2024,1356,mvc
2024,1357,nec
2024,1358,cusa
2024,1359,southern
2024,1360,wcc
2024,1361,mwc
2024,1362,wcc
2024,1363,mwc
2024,1364,big_west
2024,1365,wcc
2024,1367,big_south
2024,1368,southland
2024,1369,ovc
2024,1370,wac
2024,1371,big_east
2024,1372,wac
2024,1373,maac
2024,1374,aac
2024,1375,sun_belt
2024,1376,sec
2024,1377,summit
2024,1378,aac
2024,1379,sun_belt
2024,1380,swac
2024,1381,wac
2024,1382,a_ten
2024,1384,nec
2024,1385,big_east
2024,1386,a_ten
2024,1387,a_ten
2024,1388,wcc
2024,1389,maac
2024,1390,pac_twelve
2024,1391,a_sun
2024,1392,caa
2024,1393,acc
2024,1394,southland
2024,1395,big_twelve
2024,1396,aac
2024,1397,sec
2024,1398,ovc
2024,1399,ovc
2024,1400,big_twelve
2024,1401,sec
2024,1402,sun_belt
2024,1403,big_twelve
2024,1404,ovc
2024,1405,mac
2024,1406,caa
2024,1407,sun_belt
2024,1408,aac
2024,1409,aac
2024,1410,wac
2024,1411,swac
2024,1412,aac
2024,1413,big_west
2024,1414,big_west
2024,1415,big_west
2024,1416,big_twelve
2024,1417,pac_twelve
2024,1418,sun_belt
2024,1419,sun_belt
2024,1420,aec
2024,1421,big_south
2024,1422,southern
2024,1423,caa
2024,1424,mwc
2024,1425,pac_twelve
2024,1426,wac
2024,1427,aac
2024,1428,pac_twelve
2024,1429,mwc
2024,1430,wac
2024,1431,cusa
2024,1433,a_ten
2024,1434,mvc
2024,1435,sec
2024,1436,aec
2024,1437,big_east
2024,1438,acc
2024,1439,acc
2024,1440,southern
2024,1441,southern
2024,1442,ovc
2024,1443,cusa
2024,1444,mac
2024,1447,nec
2024,1448,acc
2024,1449,pac_twelve
2024,1450,pac_twelve
2024,1451,big_sky
2024,1452,big_twelve
2024,1453,horizon
2024,1454,horizon
2024,1455,aac
2024,1456,caa
2024,1457,big_south
2024,1458,big_ten
2024,1459,southern
2024,1460,horizon
2024,1461,mwc
2024,1462,big_east
2024,1463,ivy
2024,1464,horizon
2024,1465,wac
2024,1466,a_sun
2024,1467,nec
2024,1468,a_sun
2024,1469,wac
2024,1470,wac
2024,1471,big_west
2024,1472,summit
2024,1473,ovc
2024,1474,a_sun
2024,1475,ovc
2024,1476,nec
2024,1477,southland
2024,1478,nec
2025,1101,wac
2025,1102,mwc
2025,1103,mac
2025,1104,sec
2025,1105,swac
2025,1106,swac
2025,1107,aec
2025,1108,swac
2025,1110,patriot
2025,1111,sun_belt
2025,1112,big_twelve
2025,1113,big_twelve
2025,1114,ovc
2025,1115,swac
2025,1116,sec
2025,1117,sun_belt
2025,1119,patriot
2025,1120,sec
2025,1122,a_sun
2025,1123,mac
2025,1124,big_twelve
2025,1125,mvc
2025,1126,swac
2025,1127,aec
2025,1129,mwc
2025,1130,acc
2025,1131,patriot
2025,1132,mac
2025,1133,mvc
2025,1135,ivy
2025,1136,aec
2025,1137,patriot
2025,1138,mac
2025,1139,big_east
2025,1140,big_twelve
2025,1141,mac
2025,1142,big_west
2025,1143,acc
2025,1144,caa
2025,1145,maac
2025,1146,a_sun
2025,1148,nec
2025,1149,big_south
2025,1150,aac
2025,1151,southern
2025,1152,nec
2025,1153,big_twelve
2025,1154,southern
2025,1155,acc
2025,1156,horizon
2025,1157,sun_belt
2025,1158,caa
2025,1159,patriot
2025,1160,big_twelve
2025,1161,mwc
2025,1162,ivy
2025,1163,big_east
2025,1164,meac
2025,1165,ivy
2025,1166,big_east
2025,1167,big_west
2025,1168,big_west
2025,1169,big_west
2025,1170,big_sky
2025,1171,ivy
2025,1172,a_ten
2025,1173,a_ten
2025,1174,caa
2025,1175,meac
2025,1176,summit
2025,1177,big_east
2025,1178,horizon
2025,1179,mvc
2025,1180,caa
2025,1181,acc
2025,1182,a_ten
2025,1183,ovc
2025,1184,a_sun
2025,1185,mac
2025,1186,big_sky
2025,1187,aac
2025,1188,ovc
2025,1189,caa
2025,1190,southern
2025,1191,mvc
2025,1192,nec
2025,1193,maac
2025,1194,aac
2025,1195,a_sun
2025,1196,sec
2025,1197,swac
2025,1198,cusa
2025,1199,acc
2025,1200,a_ten
2025,1201,mwc
2025,1202,southern
2025,1203,a_ten
2025,1204,sun_belt
2025,1205,big_south
2025,1206,a_ten
2025,1207,big_east
2025,1208,sec
2025,1209,sun_belt
2025,1210,acc
2025,1211,wcc
2025,1212,swac
2025,1213,wac
2025,1214,caa
2025,1217,ivy
2025,1218,big_west
2025,1219,big_south
2025,1220,caa
2025,1221,patriot
2025,1222,big_twelve
2025,1223,southland
2025,1224,meac
2025,1225,big_sky
2025,1226,big_sky
2025,1227,mvc
2025,1228,big_ten
2025,1229,mvc
2025,1230,southland
2025,1231,big_ten
2025,1232,mvc
2025,1233,maac
2025,1234,big_ten
2025,1235,big_twelve
2025,1236,horizon
2025,1237,horizon
2025,1238,swac
2025,1239,a_sun
2025,1240,cusa
2025,1241,sun_belt
2025,1242,big_twelve
2025,1243,big_twelve
2025,1244,cusa
2025,1245,mac
2025,1246,sec
2025,1247,a_ten
2025,1248,patriot
2025,1249,southland
2025,1250,patriot
2025,1251,cusa
2025,1252,a_sun
2025,1253,big_west
2025,1254,nec
2025,1255,big_south
2025,1256,cusa
2025,1257,acc
2025,1258,wcc
2025,1259,patriot
2025,1260,a_ten
2025,1261,sec
2025,1262,aec
2025,1263,aec
2025,1264,maac
2025,1265,maac
2025,1266,big_east
2025,1267,sun_belt
2025,1268,big_ten
2025,1269,a_ten
2025,1270,southland
2025,1271,meac
2025,1272,aac
2025,1273,southern
2025,1274,acc
2025,1275,mac
2025,1276,big_ten
2025,1277,big_ten
2025,1278,big_ten
2025,1279,sec
2025,1280,sec
2025,1281,sec
2025,1282,summit
2025,1283,mvc
2025,1284,caa
2025,1285,big_sky
2025,1286,big_sky
2025,1287,ovc
2025,1288,meac
2025,1290,swac
2025,1291,maac
2025,1292,cusa
2025,1293,mvc
2025,1294,big_sky
2025,1295,summit
2025,1296,mac
2025,1297,horizon
2025,1298,patriot
2025,1299,caa
2025,1300,meac
2025,1301,acc
2025,1303,summit
2025,1304,big_ten
2025,1305,mwc
2025,1306,aec
2025,1307,mwc
2025,1308,cusa
2025,1309,southland
2025,1310,maac
2025,1311,southland
2025,1312,aec
2025,1313,meac
2025,1314,acc
2025,1315,summit
2025,1316,a_sun
2025,1317,aac
2025,1318,caa
2025,1319,big_sky
2025,1320,mvc
2025,1321,big_ten
2025,1322,southland
2025,1323,acc
2025,1324,horizon
2025,1325,mac
2025,1326,big_ten
2025,1328,sec
2025,1329,big_twelve
2025,1330,sun_belt
2025,1331,summit
2025,1332,big_ten
2025,1333,wcc
2025,1334,wcc
2025,1335,ivy
2025,1336,big_ten
2025,1337,wcc
2025,1338,acc
2025,1339,wcc
2025,1340,big_sky
2025,1341,swac
2025,1342,big_south
2025,1343,ivy
2025,1344,big_east
2025,1345,big_ten
2025,1346,maac
2025,1347,big_south
2025,1348,a_ten
2025,1349,aac
2025,1350,a_ten
2025,1351,maac
2025,1352,horizon
2025,1353,big_ten
2025,1354,meac
2025,1355,summit
2025,1356,mvc
2025,1357,maac
2025,1358,cusa
2025,1359,southern
2025,1360,wcc
2025,1361,mwc
2025,1362,wcc
2025,1363,mwc
2025,1364,big_west
2025,1365,wcc
2025,1367,big_south
2025,1368,southland
2025,1369,ovc
2025,1370,wac
2025,1371,big_east
2025,1372,southland
2025,1373,maac
2025,1374,acc
2025,1375,sun_belt
2025,1376,sec
2025,1377,summit
2025,1378,aac
2025,1379,sun_belt
2025,1380,swac
2025,1381,wac
2025,1382,a_ten
2025,1384,nec
2025,1385,big_east
2025,1386,a_ten
2025,1387,a_ten
2025,1388,wcc
2025,1389,maac
2025,1390,acc
2025,1391,a_sun
2025,1392,caa
2025,1393,acc
2025,1394,southland
2025,1395,big_twelve
2025,1396,aac
2025,1397,sec
2025,1398,ovc
2025,1399,ovc
2025,1400,sec
2025,1401,sec
2025,1402,sun_belt
2025,1403,big_twelve
2025,1404,ovc
2025,1405,mac
2025,1406,caa
2025,1407,sun_belt
2025,1408,aac
2025,1409,aac
2025,1410,southland
2025,1411,swac
2025,1412,aac
2025,1413,big_west
2025,1414,big_west
2025,1415,big_west
2025,1416,big_twelve
2025,1417,big_ten
2025,1418,sun_belt
2025,1419,sun_belt
2025,1420,aec
2025,1421,big_south
2025,1422,southern
2025,1423,caa
2025,1424,mwc
2025,1425,big_ten
2025,1426,wac
2025,1427,aac
2025,1428,big_twelve
2025,1429,mwc
2025,1430,wac
2025,1431,cusa
2025,1433,a_ten
2025,1434,mvc
2025,1435,sec
2025,1436,aec
2025,1437,big_east
2025,1438,acc
2025,1439,acc
2025,1440,southern
2025,1441,southern
2025,1442,ovc
2025,1443,cusa
2025,1444,mac
2025,1447,nec
2025,1448,acc
2025,1449,big_ten
2025,1450,wcc
2025,1451,big_sky
2025,1452,big_twelve
2025,1453,horizon
2025,1454,horizon
2025,1455,aac
2025,1456,caa
2025,1457,big_south
2025,1458,big_ten
2025,1459,southern
2025,1460,horizon
2025,1461,mwc
2025,1462,big_east
2025,1463,ivy
2025,1464,horizon
2025,1465,wac
2025,1466,a_sun
2025,1467,maac
2025,1468,a_sun
2025,1469,wac
2025,1470,wac
2025,1471,big_west
2025,1472,summit
2025,1473,ovc
2025,1474,a_sun
2025,1475,ovc
2025,1476,nec
2025,1477,southland
2025,1478,nec
2025,1479,nec
2025,1480,a_sun
